연도,캠페인유형,캠페인,광고그룹,"총비용(VAT포함,원)",노출수,클릭수,전환수,전환매출액(원),ROAS,CTR,CVR
2025,브랜드검색/신제품검색,01.신규 자사명@naver_brandsearch,신규_MO_자사명@cpd_hejhome_h,0,402363,134885,65396,1019436060,inf,0.3352321163,0.4848278163
2025,브랜드검색/신제품검색,01.신규 자사명@naver_brandsearch,신규_MO_자사명_키워드수정@cpd_hejhome_h,0,377283,132962,83442,1293579570,inf,0.3524198016,0.6275627623
2025,브랜드검색/신제품검색,01.신규 자사명@naver_brandsearch,신규_PC_자사명@cpd_hejhome_h,0,76460,36667,20433,380591650,inf,0.4795579388,0.5572585704
2025,브랜드검색/신제품검색,01.신규 자사명@naver_brandsearch,신규_PC_자사명_키워드수정@cpd_hejhome_h,0,73810,37400,23165,434830900,inf,0.5067064083,0.6193850267
2025,브랜드검색/신제품검색,신제품_TEST,신제품_강아지자동급식기,0,822,129,0,0,0,0.1569343066,0
2025,브랜드검색/신제품검색,신제품_TEST,신제품_고양이자동급식기,0,749,110,0,0,0,0.1468624833,0
2025,브랜드검색/신제품검색,신제품검색#1@naver_cpp_fd471,신제품@naver_NEWDA_cpp_분쇄기,0,3362,125,0,0,0,0.03718024985,0
2025,쇼핑검색,(공식몰)하츠_MO_쇼검,(공식몰)하츠_MO_쇼검,29557,2849,24,0,0,0,0.008424008424,0
2025,쇼핑검색,(공식몰)하츠_PC_쇼검,(공식몰)하츠_PC_쇼검,2981,356,3,0,0,0,0.008426966292,0
2025,쇼핑검색,00.브랜드형@naver_shoppingbrand,00-0.자상호@cpc_mc05_h,16412,3296,49,21,164700,10.03534,0.01486650485,0.4285714286
2025,쇼핑검색,00.브랜드형@naver_shoppingbrand,00-0.자상호@cpc_mc05_h-s,2321,1819,7,0,0,0,0.003848268279,0
2025,쇼핑검색,00.자상호_MO@naver_shoppingsearch,01-1.홈카메라_MO@cpc_mc05_h,124087293,2114259,63794,24148,484895120,3.907693594,0.03017321908,0.3785308963
2025,쇼핑검색,00.자상호_MO@naver_shoppingsearch,01-4.펫캠_MO@cpc_mc059_h,6466262,415749,3601,1399,22798280,3.525727847,0.008661476035,0.3885031936
2025,쇼핑검색,00.자상호_MO@naver_shoppingsearch,01-5.베이비캠_MO@cpc_mc05_h,2003573,73930,1417,473,9909080,4.945704499,0.01916677939,0.3338038109
2025,쇼핑검색,00.자상호_MO@naver_shoppingsearch,02-1.전동커튼_MO@cpc_curtainset_h,1328404,1197385,1230,44,1474790,1.110196898,0.001027238524,0.03577235772
2025,쇼핑검색,00.자상호_MO@naver_shoppingsearch,03-2.전구_MO@cpc_lb03r_h,666710,50796,978,168,2386610,3.579682321,0.01925348453,0.1717791411
2025,쇼핑검색,00.자상호_MO@naver_shoppingsearch,03-3.무드등_MO@cpc_md08_h,1243,3363,3,0,0,0,0.0008920606601,0
2025,쇼핑검색,00.자상호_MO@naver_shoppingsearch,04-1.온습도계_MO@cpc_th14_h,1120977,124845,1578,671,7151770,6.379943567,0.01263967319,0.4252217997
2025,쇼핑검색,00.자상호_MO@naver_shoppingsearch,04-1.온습도센서_MO@cpc_th02_h,3902107,223143,3740,528,5808690,1.488603465,0.01676055265,0.1411764706
2025,쇼핑검색,00.자상호_MO@naver_shoppingsearch,07-1.펫급식기_MO@cpc_pf32_h,471229,104396,456,67,3280800,6.962220067,0.004367983448,0.1469298246
2025,쇼핑검색,00.자상호_PC@naver_shoppingsearch,01-1.홈카메라_PC@cpc_mc05_h,32818291,635882,16598,5662,127596440,3.887967231,0.02610232716,0.3411254368
2025,쇼핑검색,00.자상호_PC@naver_shoppingsearch,01-4.펫캠_PC@cpc_mc059_h,1231351,65255,788,240,4947100,4.017619671,0.01207570301,0.3045685279
2025,쇼핑검색,00.자상호_PC@naver_shoppingsearch,01-5.베이비캠_PC@cpc_mc05_h,88880,9515,66,26,998700,11.23649865,0.006936416185,0.3939393939
2025,쇼핑검색,00.자상호_PC@naver_shoppingsearch,02-1.전동커튼_PC@cpc_curtainset_h,583099,152006,519,59,3079400,5.281092919,0.003414338908,0.1136801541
2025,쇼핑검색,00.자상호_PC@naver_shoppingsearch,03-2.전구_PC@cpc_lb03r_h,6523,1493,17,0,0,0,0.01138647019,0
2025,쇼핑검색,00.자상호_PC@naver_shoppingsearch,04-1.온습도센서_PC@cpc_th02_h,74492,5564,167,47,777590,10.43857058,0.03001437815,0.2814371257
2025,쇼핑검색,01.브랜드형_쇼검@naver_shoppingbrand, 01-1.홈카메라@cpc_mc05_h,519244,201845,699,250,4161260,8.014074308,0.003463053333,0.3576537911
2025,쇼핑검색,01.브랜드형_쇼검@naver_shoppingbrand, 01-1.홈카메라@cpc_mc05_h-s,698192,1298215,1667,58,4934640,7.067740679,0.00128407082,0.03479304139
2025,쇼핑검색,01.브랜드형_쇼검@naver_shoppingbrand,01-1.커튼@cpc_curtainset_h,912373,831478,1110,11,423470,0.4641413106,0.001334972182,0.00990990991
2025,쇼핑검색,01.브랜드형_쇼검@naver_shoppingbrand,01-1.커튼@cpc_curtainset_h-s,1364132,1753726,1583,6,2596500,1.903408175,0.0009026495587,0.003790271636
2025,쇼핑검색,01.음처기_MO@naver_shoppingbrand,00-0.브랜드형_음처기_MO@cpc_fd471_h-s,3755114,2129901,1704,8,2868010,0.7637611002,0.0008000371848,0.004694835681
2025,쇼핑검색,01.음처기_PC@naver_shoppingbrand,00-0.브랜드형_음처기_PC@cpc_fd471_h-s,79717,315272,54,0,0,0,0.0001712806719,0
2025,쇼핑검색,01.펫_MO@naver_shoppingbrand,00-0.브랜드형_급식기_MO@cpc_pf32_h,240416,325391,433,60,1383500,5.754608678,0.00133070675,0.1385681293
2025,쇼핑검색,01.펫_MO@naver_shoppingbrand,00-0.브랜드형_급식기_MO@cpc_pf32_h-s,715792,521638,1123,13,850010,1.187509779,0.002152833958,0.01157613535
2025,쇼핑검색,01.펫_MO@naver_shoppingbrand,00-0.브랜드형_장난감_MO@cpc_pt40_h,79673,88958,146,12,140600,1.764713265,0.001641223948,0.08219178082
2025,쇼핑검색,01.펫_MO@naver_shoppingbrand,00-0.브랜드형_장난감_MO@cpc_pt40_h-s,117205,202761,251,13,421030,3.59225289,0.001237910644,0.05179282869
2025,쇼핑검색,01.펫_MO@naver_shoppingbrand,00-0.브랜드형_정수기_MO@cpc_pw30_h,79354,37546,203,2,214300,2.700556998,0.005406701113,0.009852216749
2025,쇼핑검색,01.펫_MO@naver_shoppingbrand,00-0.브랜드형_정수기_MO@cpc_pw30_h-s,188771,152864,467,10,337110,1.785814558,0.00305500314,0.02141327623
2025,쇼핑검색,01.펫_PC@naver_shoppingbrand,00-0.브랜드형_급식기_PC@cpc_pf32_h,1661,160113,5,0,0,0,0.00003122794526,0
2025,쇼핑검색,01.펫_PC@naver_shoppingbrand,00-0.브랜드형_급식기_PC@cpc_pf32_h-s,3399,132419,9,0,0,0,0.00006796607738,0
2025,쇼핑검색,01.펫_PC@naver_shoppingbrand,00-0.브랜드형_장난감_PC@cpc_pt40_h-s,0,14626,0,0,0,0,0,0
2025,쇼핑검색,01.펫_PC@naver_shoppingbrand,00-0.브랜드형_정수기_PC@cpc_pw30_h,1001,21023,3,0,0,0,0.0001427008514,0
2025,쇼핑검색,01.펫_PC@naver_shoppingbrand,00-0.브랜드형_정수기_PC@cpc_pw30_h-s,5984,47799,17,0,0,0,0.0003556559761,0
2025,쇼핑검색,01.홈캠_MO@naver_shoppingsearch,1.A01_홈카메라_MO@cpc_mc05_h,1315600,152656,1054,268,5352370,4.068387048,0.006904412535,0.2542694497
2025,쇼핑검색,01.홈캠_MO@naver_shoppingsearch,1.A02_홈캠_MO@cpc_IC021_h-s,1026993,395717,1262,39,2844110,2.769356753,0.0031891478,0.03090332805
2025,쇼핑검색,01.홈캠_MO@naver_shoppingsearch,1.A02_홈캠_MO@cpc_MC0510_h-s,13599817,679740,6367,721,75845730,5.576966955,0.009366816724,0.1132401445
2025,쇼핑검색,01.홈캠_MO@naver_shoppingsearch,1.A02_홈캠_MO@cpc_MC0511_h-s,39635200,1125879,16019,1735,216109760,5.452470531,0.0142279943,0.1083088832
2025,쇼핑검색,01.홈캠_MO@naver_shoppingsearch,1.A02_홈캠_MO@cpc_ic05_h-s,7050725,524029,4190,378,33042120,4.686343603,0.007995740694,0.09021479714
2025,쇼핑검색,01.홈캠_MO@naver_shoppingsearch,1.A02_홈캠_MO@cpc_mc058_h-s,27777409,833382,11839,1036,119250570,4.293077515,0.01420597037,0.08750739083
2025,쇼핑검색,01.홈캠_MO@naver_shoppingsearch,1.A02_홈캠_MO@cpc_mc059_h-s,1010086,102966,982,98,10990610,10.88086559,0.009537128761,0.09979633401
2025,쇼핑검색,01.홈캠_MO@naver_shoppingsearch,1.A02_홈캠_MO@cpc_mc05_h,64811736,1382088,29937,6291,135525600,2.091065729,0.02166070467,0.2101412967
2025,쇼핑검색,01.홈캠_MO@naver_shoppingsearch,1.A02_홈캠_MO@cpc_mc05_h-s,3543100,204694,1552,120,12691970,3.582165335,0.007582049303,0.07731958763
2025,쇼핑검색,01.홈캠_MO@naver_shoppingsearch,1.A03_홈CCTV_MO@cpc_mc05_h,7532085,288187,3493,774,18362740,2.437935844,0.01212060225,0.2215860292
2025,쇼핑검색,01.홈캠_MO@naver_shoppingsearch,1.B01_홈카메라_MO@cpc_mc05_h,238194,12018,167,13,567300,2.381672082,0.01389582293,0.07784431138
2025,쇼핑검색,01.홈캠_MO@naver_shoppingsearch,1.B02_홈캠_MO@cpc_mc05_h,6280516,104042,3310,684,13698410,2.181096267,0.03181407509,0.2066465257
2025,쇼핑검색,01.홈캠_MO@naver_shoppingsearch,1.B03_홈CCTV_MO@cpc_mc05_h,937189,79008,778,110,2600700,2.77500056,0.009847104091,0.1413881748
2025,쇼핑검색,01.홈캠_MO@naver_shoppingsearch,1.B04_강아지캠_MO@cpc_mc05_h,4993175,125303,3165,527,14984300,3.000956305,0.02525877273,0.1665086888
2025,쇼핑검색,01.홈캠_MO@naver_shoppingsearch,1.B05_고양이캠_MO@cpc_mc05_h,669328,23514,475,95,1300400,1.942844166,0.02020073148,0.2
2025,쇼핑검색,01.홈캠_MO@naver_shoppingsearch,1.B06_육아캠_MO@cpc_mc05_h,4244911,173139,3522,669,15210560,3.583245915,0.02034203732,0.1899488927
2025,쇼핑검색,01.홈캠_MO@naver_shoppingsearch,1.B07_맞벌이부부캠_MO@cpc_mc05_h,18907570,797111,11178,4086,91178110,4.82230715,0.01402314107,0.3655394525
2025,쇼핑검색,01.홈캠_MO@naver_shoppingsearch,1.B08_보안캠_MO@cpc_mc05_h,149116,19677,220,14,813400,5.454813702,0.01118056614,0.06363636364
2025,쇼핑검색,01.홈캠_MO@naver_shoppingsearch,1.B09_부모님캠_MO@cpc_mc05_h,492052,25107,745,52,974100,1.979668815,0.02967299956,0.06979865772
2025,쇼핑검색,01.홈캠_MO@naver_shoppingsearch,1.B10_스마트캠_MO@cpc_mc05_h,200948,40676,214,18,613500,3.053028644,0.005261087619,0.08411214953
2025,쇼핑검색,01.홈캠_PC@naver_shoppingsearch, 1.A01_홈카메라_PC@cpc_MC0510_h-s,1281181,139142,1131,162,15142840,11.81943847,0.008128386828,0.1432360743
2025,쇼핑검색,01.홈캠_PC@naver_shoppingsearch, 1.A01_홈카메라_PC@cpc_MC0511_h-s,1062314,161109,1317,165,16404490,15.4422233,0.008174589874,0.125284738
2025,쇼핑검색,01.홈캠_PC@naver_shoppingsearch, 1.A01_홈카메라_PC@cpc_ic05_h-s,187066,47325,308,20,1328280,7.100595512,0.006508188061,0.06493506494
2025,쇼핑검색,01.홈캠_PC@naver_shoppingsearch, 1.A01_홈카메라_PC@cpc_mc058_h-s,320419,83946,379,43,4317680,13.47510603,0.004514807138,0.1134564644
2025,쇼핑검색,01.홈캠_PC@naver_shoppingsearch, 1.A01_홈카메라_PC@cpc_mc059_h-s,297858,166367,331,31,3158260,10.60324047,0.00198957726,0.09365558912
2025,쇼핑검색,01.홈캠_PC@naver_shoppingsearch, 1.A01_홈카메라_PC@cpc_mc05_h-s,126940,23643,123,22,1978440,15.58563101,0.005202385484,0.1788617886
2025,쇼핑검색,01.홈캠_PC@naver_shoppingsearch,1.A01_홈카메라_PC@cpc_mc05,5472027,589430,2543,606,16007790,2.925385785,0.00431433758,0.238301219
2025,쇼핑검색,01.홈캠_PC@naver_shoppingsearch,1.A02_홈캠_PC@cpc_IC021_h-s,1603415,909686,2081,32,3120120,1.945921673,0.002287602535,0.01537722249
2025,쇼핑검색,01.홈캠_PC@naver_shoppingsearch,1.A02_홈캠_PC@cpc_mc05_h,5164511,144041,2848,546,14680290,2.842532429,0.01977214821,0.1917134831
2025,쇼핑검색,01.홈캠_PC@naver_shoppingsearch,1.A03_홈CCTV_PC@cpc_mc05,672419,25970,385,60,1418000,2.108804183,0.01482479784,0.1558441558
2025,쇼핑검색,01.홈캠_PC@naver_shoppingsearch,1.B01_홈카메라_PC@cpc_mc05,645590,14735,277,44,675700,1.046639508,0.01879877842,0.1588447653
2025,쇼핑검색,01.홈캠_PC@naver_shoppingsearch,1.B02_홈캠_PC@cpc_mc05,717332,11058,376,62,1303600,1.817289623,0.0340025321,0.164893617
2025,쇼핑검색,01.홈캠_PC@naver_shoppingsearch,1.B03_홈CCTV_PC@cpc_mc05,1943073,59700,1103,117,3755800,1.9329176,0.01847571189,0.1060743427
2025,쇼핑검색,01.홈캠_PC@naver_shoppingsearch,1.B04_강아지캠_PC@cpc_mc05,43219,4894,60,0,0,0,0.01225991009,0
2025,쇼핑검색,01.홈캠_PC@naver_shoppingsearch,1.B05_고양이캠_PC@cpc_mc05,517,741,2,0,0,0,0.002699055331,0
2025,쇼핑검색,01.홈캠_PC@naver_shoppingsearch,1.B06_육아캠_PC@cpc_mc05,5839515,114121,3005,757,18425060,3.155238063,0.02633170056,0.2519134775
2025,쇼핑검색,01.홈캠_PC@naver_shoppingsearch,1.B07_맞벌이부부캠_PC@cpc_mc05,2057,24336,5,0,0,0,0.0002054569362,0
2025,쇼핑검색,01.홈캠_PC@naver_shoppingsearch,1.B08_보안캠_PC@cpc_mc05,22880,3718,61,3,59900,2.618006993,0.01640667025,0.04918032787
2025,쇼핑검색,01.홈캠_PC@naver_shoppingsearch,1.B09_부모님캠_PC@cpc_mc05,108691,8408,165,5,84800,0.7801933923,0.01962416746,0.0303030303
2025,쇼핑검색,01.홈캠_PC@naver_shoppingsearch,1.B10_스마트캠_PC@cpc_mc05,385946,14409,307,27,763100,1.977219611,0.02130612811,0.08794788274
2025,쇼핑검색,02.커튼_MO@naver_shoppingsearch,1.A01_전동커튼_MO@cpc_curtainset,363792,37988,284,19,229000,0.6294805823,0.007476045067,0.06690140845
2025,쇼핑검색,02.커튼_MO@naver_shoppingsearch,1.A02_전동레일_MO@cpc_curtainset,1936,6148,4,0,0,0,0.0006506180872,0
2025,쇼핑검색,02.커튼_MO@naver_shoppingsearch,1.A02_커튼_MO@cpc_curtainset_h-s,4524828,882038,3828,86,21585630,4.770486304,0.004339949072,0.02246603971
2025,쇼핑검색,02.커튼_MO@naver_shoppingsearch,1.A03_커튼천_MO@cpc_cf20_h-s,67254,36166,168,4,809180,12.03170072,0.004645246917,0.02380952381
2025,쇼핑검색,02.커튼_MO@naver_shoppingsearch,1.B01_전동커튼_MO@cpc_curtainset,755689,63826,616,22,1134800,1.501675954,0.009651239307,0.03571428571
2025,쇼핑검색,02.커튼_MO@naver_shoppingsearch,1.B07_자동커튼_MO@cpc_curtainset,142692,3805,92,14,201700,1.413534045,0.02417871222,0.152173913
2025,쇼핑검색,02.커튼_MO@naver_shoppingsearch,2.B01_우드블라인드_MO@cpc_bw15,258236,105936,690,45,907700,3.515001781,0.006513366561,0.0652173913
2025,쇼핑검색,02.커튼_MO@naver_shoppingsearch,2.B02_블라인드_MO@cpc_bm23,1484637,78393,1929,29,1377600,0.9279035886,0.02460678887,0.01503369622
2025,쇼핑검색,02.커튼_PC@naver_shoppingsearch,1.A01_전동커튼_PC@cpc_curtainset,1065944,443407,892,200,2803900,2.630438372,0.002011695801,0.2242152466
2025,쇼핑검색,02.커튼_PC@naver_shoppingsearch,1.A01_커튼_PC@cpc_curtainset_h-s,2182158,520351,1663,43,14975010,6.862477419,0.003195919677,0.02585688515
2025,쇼핑검색,02.커튼_PC@naver_shoppingsearch,1.A02_전동레일_PC@cpc_curtainset,66,94,1,0,0,0,0.01063829787,0
2025,쇼핑검색,02.커튼_PC@naver_shoppingsearch,1.A02_커튼천_PC@cpc__h-s,30734,11408,91,1,173930,5.659204789,0.007976858345,0.01098901099
2025,쇼핑검색,02.커튼_PC@naver_shoppingsearch,2.B01_우드블라인드PC@cpc_bw15,1143021,162694,1032,29,4013500,3.511309066,0.00634319643,0.02810077519
2025,쇼핑검색,02.커튼_PC@naver_shoppingsearch,2.B02_블라인드PC@cpc_bm23,1366893,101076,938,22,882000,0.6452589925,0.009280145633,0.02345415778
2025,쇼핑검색,02.커튼남_MO@naver_shoppingsearch,1.A01_전동커튼_MO@cpc_curtainset,1122506,39102,867,81,3805500,3.390182324,0.02217277889,0.09342560554
2025,쇼핑검색,02.커튼남_MO@naver_shoppingsearch,1.A02_전동레일_MO@cpc_curtainset,0,714,0,0,0,0,0,0
2025,쇼핑검색,02.커튼남_MO@naver_shoppingsearch,1.A02_커튼_MO@cpc_curtainset_h-s,3093057,522034,2006,33,8602010,2.781070637,0.003842661589,0.01645064806
2025,쇼핑검색,02.커튼남_MO@naver_shoppingsearch,1.B01_전동커튼_MO@cpc_curtainset,363649,27458,317,78,2745600,7.550137633,0.01154490495,0.2460567823
2025,쇼핑검색,02.커튼남_MO@naver_shoppingsearch,1.B07_자동커튼_MO@cpc_curtainset,14157,760,11,0,0,0,0.01447368421,0
2025,쇼핑검색,02.커튼남_MO@naver_shoppingsearch,2.B01_우드블라인드_MO@cpc_bw15,39545,2798,109,0,0,0,0.03895639743,0
2025,쇼핑검색,02.커튼남_MO@naver_shoppingsearch,2.B02_블라인드_MO@cpc_bm23,4598,238,6,0,0,0,0.02521008403,0
2025,쇼핑검색,02.커튼남_PC@naver_shoppingsearch,1.A01_전동커튼_PC@cpc_curtainset,14542,74554,26,0,0,0,0.0003487405102,0
2025,쇼핑검색,02.커튼남_PC@naver_shoppingsearch,1.A01_커튼_PC@cpc_curtainset_h-s,461648,52947,254,6,1291800,2.798235885,0.00479725008,0.02362204724
2025,쇼핑검색,02.커튼남_PC@naver_shoppingsearch,1.A02_전동레일_PC@cpc_curtainset,792,6948,4,0,0,0,0.0005757052389,0
2025,쇼핑검색,02.커튼남_PC@naver_shoppingsearch,2.B01_우드블라인드PC@cpc_bw15,149809,11540,135,7,0,0,0.01169844021,0.05185185185
2025,쇼핑검색,02.커튼남_PC@naver_shoppingsearch,2.B02_블라인드PC@cpc_bm23,3124,172,2,0,0,0,0.01162790698,0
2025,쇼핑검색,02.커튼여_MO@naver_shoppingsearch,1.A01_전동커튼_MO@cpc_curtainset,577841,76144,387,51,880500,1.523775571,0.00508247531,0.1317829457
2025,쇼핑검색,02.커튼여_MO@naver_shoppingsearch,1.A02_전동레일_MO@cpc_curtainset,0,151,0,0,0,0,0,0
2025,쇼핑검색,02.커튼여_MO@naver_shoppingsearch,1.A02_커튼_MO@cpc_curtainset_h-s,663069,368066,882,8,1882810,2.83953857,0.002396309358,0.009070294785
2025,쇼핑검색,02.커튼여_MO@naver_shoppingsearch,1.B01_전동커튼_MO@cpc_curtainset,870419,182321,589,43,1958500,2.250065773,0.00323056587,0.07300509338
2025,쇼핑검색,02.커튼여_MO@naver_shoppingsearch,1.B07_자동커튼_MO@cpc_curtainset,946,590,1,0,0,0,0.001694915254,0
2025,쇼핑검색,02.커튼여_MO@naver_shoppingsearch,2.B01_우드블라인드_MO@cpc_bw15,12408,1498,34,0,0,0,0.02269692924,0
2025,쇼핑검색,02.커튼여_MO@naver_shoppingsearch,2.B02_블라인드_MO@cpc_bm23,2442,226,3,0,0,0,0.01327433628,0
2025,쇼핑검색,02.커튼여_PC@naver_shoppingsearch,1.A01_전동커튼_PC@cpc_curtainset,8899,11994,11,0,0,0,0.0009171252293,0
2025,쇼핑검색,02.커튼여_PC@naver_shoppingsearch,1.A01_커튼_PC@cpc_curtainset_h-s,11143,6233,16,0,0,0,0.002566982192,0
2025,쇼핑검색,02.커튼여_PC@naver_shoppingsearch,1.A02_전동레일_PC@cpc_curtainset,0,105,0,0,0,0,0,0
2025,쇼핑검색,02.커튼여_PC@naver_shoppingsearch,1.B07_자동커튼_PC@cpc_curtainset,0,1,0,0,0,0,0,0
2025,쇼핑검색,02.커튼여_PC@naver_shoppingsearch,2.B01_우드블라인드PC@cpc_bw15,50501,3200,45,0,0,0,0.0140625,0
2025,쇼핑검색,02.커튼여_PC@naver_shoppingsearch,2.B02_블라인드PC@cpc_bm23,1584,114,1,0,0,0,0.008771929825,0
2025,쇼핑검색,03.조명_MO@naver_shoppingsearch,03-1.라인LED_MO@cpc_ls06_h,2297042,702970,1875,246,4142300,1.803319225,0.002667254648,0.1312
2025,쇼핑검색,03.조명_MO@naver_shoppingsearch,03-1.라인LED_MO@cpc_ls06_h-s,718938,148598,654,23,2815900,3.916749428,0.004401135951,0.03516819572
2025,쇼핑검색,03.조명_MO@naver_shoppingsearch,03-2.전구_MO@cpc_lb03_h-s,946770,136487,1034,45,1696230,1.791596692,0.007575813081,0.04352030948
2025,쇼핑검색,03.조명_MO@naver_shoppingsearch,03-2.전구_MO@cpc_lb03r_h,2626712,230121,2579,300,4778000,1.819004139,0.01120714754,0.1163241566
2025,쇼핑검색,03.조명_MO@naver_shoppingsearch,03-3.무드등_MO@cpc_md08_h,1496308,481284,1823,197,4475800,2.991229079,0.003787784344,0.1080636314
2025,쇼핑검색,03.조명_MO@naver_shoppingsearch,03-3.무드등_MO@cpc_md08_h-s,799293,219023,1056,50,3210180,4.016274382,0.00482141145,0.04734848485
2025,쇼핑검색,03.조명_MO@naver_shoppingsearch,03-4.스타라이트_MO@cpc_sl24_h,765017,182863,1001,40,1138500,1.488202223,0.00547404341,0.03996003996
2025,쇼핑검색,03.조명_MO@naver_shoppingsearch,03-4.스타라이트_MO@cpc_sl24_h-s,128711,28487,195,10,446020,3.465282688,0.006845227648,0.05128205128
2025,쇼핑검색,03.조명_MO@naver_shoppingsearch,03-5.싱크라이트_MO@cpc_sy27_h,290576,56180,341,73,1741200,5.99223611,0.006069775721,0.2140762463
2025,쇼핑검색,03.조명_MO@naver_shoppingsearch,03-5.싱크라이트_MO@cpc_sy27_h-s,201454,137596,242,6,327650,1.626425884,0.001758772057,0.02479338843
2025,쇼핑검색,03.조명_PC@naver_shoppingsearch,03-1.라인LED_PC@cpc_ls06_h,437943,702516,484,50,1475200,3.368474893,0.0006889522801,0.1033057851
2025,쇼핑검색,03.조명_PC@naver_shoppingsearch,03-1.라인LED_PC@cpc_ls06_h-s,150535,64679,116,4,702720,4.668150264,0.001793472379,0.03448275862
2025,쇼핑검색,03.조명_PC@naver_shoppingsearch,03-2.전구_PC@cpc_lb03_h,1527702,175956,1384,253,2806900,1.837334768,0.007865602764,0.1828034682
2025,쇼핑검색,03.조명_PC@naver_shoppingsearch,03-2.전구_PC@cpc_lb03r_h-s,681186,216058,772,24,901260,1.323074755,0.003573114627,0.0310880829
2025,쇼핑검색,03.조명_PC@naver_shoppingsearch,03-3.무드등_PC@cpc_md08_h,657151,216032,633,116,2960290,4.504733311,0.002930121463,0.1832543444
2025,쇼핑검색,03.조명_PC@naver_shoppingsearch,03-3.무드등_PC@cpc_md08_h-s,49940,41619,102,8,381100,7.631157389,0.002450803719,0.07843137255
2025,쇼핑검색,03.조명_PC@naver_shoppingsearch,03-4.스타라이트_MO@cpc_sl24,385,175,1,0,0,0,0.005714285714,0
2025,쇼핑검색,03.조명_PC@naver_shoppingsearch,03-4.스타라이트_PC@cpc_sl24_h,19195,16594,42,1,0,0,0.002531035314,0.02380952381
2025,쇼핑검색,03.조명_PC@naver_shoppingsearch,03-4.스타라이트_PC@cpc_sl24_h-s,28160,10353,44,2,99800,3.544034091,0.004249975852,0.04545454545
2025,쇼핑검색,03.조명_PC@naver_shoppingsearch,03-5.싱크라이트_PC@cpc_sy27_h,65164,17967,110,28,476600,7.313854275,0.006122335393,0.2545454545
2025,쇼핑검색,03.조명_PC@naver_shoppingsearch,03-5.싱크라이트_PC@cpc_sy27_h-s,72468,35660,87,4,183400,2.530772203,0.002439708357,0.04597701149
2025,쇼핑검색,04.센서_MO@naver_shoppingsearch,04-1.스마트온습도계_MO@cpc_th14_h,1756843,89747,1431,294,2961620,1.685762473,0.01594482267,0.2054507338
2025,쇼핑검색,04.센서_MO@naver_shoppingsearch,04-1.스마트온습도계_MO@cpc_th14_h-s,2734358,71290,2669,123,7321710,2.67767059,0.03743863094,0.04608467591
2025,쇼핑검색,04.센서_MO@naver_shoppingsearch,04-2.온습도센서_MO@cpc_th02_h,447920,34612,495,30,262180,0.5853277371,0.01430139836,0.06060606061
2025,쇼핑검색,04.센서_MO@naver_shoppingsearch,04-2.온습도센서_MO@cpc_th02_h-s,297253,74641,475,9,415860,1.399010271,0.006363794697,0.01894736842
2025,쇼핑검색,04.센서_MO@naver_shoppingsearch,04-3.냉장고온습도계_MO@cpc_th25_h,2464,320,12,9,224900,91.27435065,0.0375,0.75
2025,쇼핑검색,04.센서_MO@naver_shoppingsearch,04-4.도어센서_MO@cpc_do02_h,116512,27664,380,142,964440,8.277602307,0.01373626374,0.3736842105
2025,쇼핑검색,04.센서_MO@naver_shoppingsearch,04-4.도어센서_MO@cpc_do02_h-s,661419,36731,1034,57,2404770,3.635773995,0.02815060848,0.05512572534
2025,쇼핑검색,04.센서_MO@naver_shoppingsearch,04-5.모션센서_MO@cpc_mo02_h,359447,24678,573,23,223660,0.6222335977,0.02321906151,0.04013961606
2025,쇼핑검색,04.센서_MO@naver_shoppingsearch,04-5.모션센서_MO@cpc_mo02_h-s,302038,30320,297,9,967020,3.201650123,0.009795514512,0.0303030303
2025,쇼핑검색,04.센서_MO@naver_shoppingsearch,04-6.스마트사이렌_MO@cpc_sa14_h,8085,6695,24,1,0,0,0.00358476475,0.04166666667
2025,쇼핑검색,04.센서_MO@naver_shoppingsearch,04-7.화재감지센서_MO@cpc_ss26_h,34903,3133,79,0,0,0,0.02521544845,0
2025,쇼핑검색,04.센서_MO@naver_shoppingsearch,04-7.화재감지센서_MO@cpc_ss26_h-s,62953,14304,201,3,320900,5.097453656,0.01405201342,0.01492537313
2025,쇼핑검색,04.센서_MO@naver_shoppingsearch,04-8.가스감지센서_MO@cpc_gs26_h,5896,1796,11,0,0,0,0.006124721604,0
2025,쇼핑검색,04.센서_MO@naver_shoppingsearch,04-8.가스감지센서_MO@cpc_gs26_h-s,20218,6783,35,0,0,0,0.00515995872,0
2025,쇼핑검색,04.센서_MO@naver_shoppingsearch,04-9.누수감지센서_MO@cpc_ws26_h-s,264,223,3,0,0,0,0.0134529148,0
2025,쇼핑검색,04.센서_PC@naver_shoppingsearch,04-1.스마트온습도계_PC@cpc_th14_h,967901,106475,1135,292,4879230,5.041042421,0.01065977929,0.2572687225
2025,쇼핑검색,04.센서_PC@naver_shoppingsearch,04-1.스마트온습도계_PC@cpc_th14_h-s,6534,4656,68,2,59800,9.152127334,0.014604811,0.02941176471
2025,쇼핑검색,04.센서_PC@naver_shoppingsearch,04-2.온습도센서_PC@cpc_th02_h,921008,142731,1098,120,1265020,1.373516842,0.007692792736,0.1092896175
2025,쇼핑검색,04.센서_PC@naver_shoppingsearch,04-2.온습도센서_PC@cpc_th02_h-s,79101,20951,159,2,277300,3.505644682,0.007589136557,0.01257861635
2025,쇼핑검색,04.센서_PC@naver_shoppingsearch,04-3.냉장고온습도계_PC@cpc_th25_h,167541,36025,260,35,1761490,10.51378469,0.007217210271,0.1346153846
2025,쇼핑검색,04.센서_PC@naver_shoppingsearch,04-4.도어센서_PC@cpc_do02_h,581460,40954,839,93,998450,1.717143054,0.02048639937,0.1108462455
2025,쇼핑검색,04.센서_PC@naver_shoppingsearch,04-4.도어센서_PC@cpc_do02_h-s,44352,22292,89,8,777290,17.52547799,0.003992463664,0.08988764045
2025,쇼핑검색,04.센서_PC@naver_shoppingsearch,04-5.모션센서_PC@cpc_mo02_h,624184,40152,679,38,226980,0.363642772,0.01691073919,0.0559646539
2025,쇼핑검색,04.센서_PC@naver_shoppingsearch,04-5.모션센서_PC@cpc_mo02_h-s,53328,21942,67,2,282300,5.293654365,0.003053504694,0.02985074627
2025,쇼핑검색,04.센서_PC@naver_shoppingsearch,04-6.스마트사이렌_MO@cpc_sa14_h,66143,20485,199,18,431180,6.518906007,0.009714425189,0.09045226131
2025,쇼핑검색,04.센서_PC@naver_shoppingsearch,04-7.화재감지센서_PC@cpc_ss26_h,131252,13256,193,13,200700,1.529119556,0.01455944478,0.06735751295
2025,쇼핑검색,04.센서_PC@naver_shoppingsearch,04-7.화재감지센서_PC@cpc_ss26_h-s,178288,36845,229,4,617100,3.461253702,0.006215225947,0.01746724891
2025,쇼핑검색,04.센서_PC@naver_shoppingsearch,04-8.가스감지센서_PC@cpc_gs26_h,6116,2841,11,0,0,0,0.0038718761,0
2025,쇼핑검색,04.센서_PC@naver_shoppingsearch,04-9.누수감지센서_PC@cpc_ws26_h,120252,7650,172,8,139700,1.16172704,0.02248366013,0.04651162791
2025,쇼핑검색,04.센서_PC@naver_shoppingsearch,04-9.누수감지센서_PC@cpc_ws26_h-s,2200,194,4,0,0,0,0.0206185567,0
2025,쇼핑검색,05.전원_MO@naver_shoppingsearch,05-3.플러그_MO@cpc_ep1_h-s,2296646,196505,2142,254,10772440,4.690509552,0.01090048599,0.1185807656
2025,쇼핑검색,05.전원_MO@naver_shoppingsearch,05-3.플러그_MO@cpc_ep2_h,2772825,276816,2910,579,12025900,4.337056973,0.01051239813,0.1989690722
2025,쇼핑검색,05.전원_MO@naver_shoppingsearch,05-3.플러그_MO@cpc_ep3_h-s,6367086,449878,7460,898,32186760,5.055179088,0.01658227342,0.1203753351
2025,쇼핑검색,05.전원_MO@naver_shoppingsearch,05-4.멀티탭_MO@cpc_ps03_h,1288782,248142,1064,95,2734500,2.121770788,0.004287867431,0.08928571429
2025,쇼핑검색,05.전원_MO@naver_shoppingsearch,05-4.멀티탭_MO@cpc_ps03_h-s,631752,166985,685,50,2405250,3.807269308,0.004102164865,0.07299270073
2025,쇼핑검색,05.전원_MO@naver_shoppingsearch,05-4.푸시봇_MO@cpc_fb42_h,8517641,384151,9130,1349,21941880,2.57605128,0.02376669591,0.147754655
2025,쇼핑검색,05.전원_MO@naver_shoppingsearch,05-4.푸시봇_MO@cpc_fb42_h-s,2057187,140211,2048,105,7272080,3.534963034,0.01460655726,0.05126953125
2025,쇼핑검색,05.전원_MO@naver_shoppingsearch,05-5. 멀티어댑터_MO@cpc_ma481_h,609895,175048,439,31,239200,0.3921986571,0.002507883552,0.07061503417
2025,쇼핑검색,05.전원_MO@naver_shoppingsearch,05-6. 피카스위치_MO@cpc_sw012_h,222167,14130,284,49,770700,3.469012049,0.02009907997,0.1725352113
2025,쇼핑검색,05.전원_MO@naver_shoppingsearch,05-6.플러그_MO@cpc_pg192_h-s,129459,11265,179,8,405600,3.133038259,0.01588992455,0.04469273743
2025,쇼핑검색,05.전원_PC@naver_shoppingsearch,05-3.플러그_PC@cpc_ep1_h-s,76516,41553,116,9,238900,3.122222803,0.002791615527,0.0775862069
2025,쇼핑검색,05.전원_PC@naver_shoppingsearch,05-3.플러그_PC@cpc_ep2_h,683375,67697,788,170,2774000,4.059264679,0.01164010222,0.2157360406
2025,쇼핑검색,05.전원_PC@naver_shoppingsearch,05-3.플러그_PC@cpc_ep3_h-s,682924,51715,920,94,4223100,6.183850619,0.01778980953,0.102173913
2025,쇼핑검색,05.전원_PC@naver_shoppingsearch,05-4.멀티탭_PC@cpc_ps03_h,124135,68478,150,19,680700,5.483546139,0.002190484535,0.1266666667
2025,쇼핑검색,05.전원_PC@naver_shoppingsearch,05-4.멀티탭_PC@cpc_ps03_h-s,220143,20843,193,16,864670,3.927765134,0.009259703498,0.0829015544
2025,쇼핑검색,05.전원_PC@naver_shoppingsearch,05-4.푸시봇_PC@cpc_fb42_h,3305665,284909,3299,556,9939700,3.006868512,0.01157913579,0.16853592
2025,쇼핑검색,05.전원_PC@naver_shoppingsearch,05-4.푸시봇_PC@cpc_fb42_h-s,1070377,122702,1028,57,4207700,3.931044856,0.008378021548,0.05544747082
2025,쇼핑검색,05.전원_PC@naver_shoppingsearch,05-5. 멀티어댑터_PC@cpc_ma481_h ,45320,47663,43,3,29900,0.6597528685,0.0009021672996,0.06976744186
2025,쇼핑검색,05.전원_PC@naver_shoppingsearch,05-6. 피카스위치_PC@cpc_sw012_h ,219681,11147,231,77,1227200,5.586281927,0.0207230645,0.3333333333
2025,쇼핑검색,05.전원_PC@naver_shoppingsearch,05-6.플러그_PC@cpc_pg192_h-s,18568,1578,32,2,119000,6.408875485,0.02027883397,0.0625
2025,쇼핑검색,07.반려_MO@naver_shoppingsearch,1.B01_스마트급식기_MO@cpc_petcare,5184245,440758,3233,694,19036900,3.672067967,0.007335090912,0.2146613053
2025,쇼핑검색,07.반려_MO@naver_shoppingsearch,1.B02_강아지급식기_MO@cpc_petcare,2010162,239661,1124,174,4582600,2.279716759,0.004689957899,0.1548042705
2025,쇼핑검색,07.반려_MO@naver_shoppingsearch,1.B03_고양이급식기_MO@cpc_petcare,866976,122690,519,45,1994700,2.30075573,0.004230173608,0.08670520231
2025,쇼핑검색,07.반려_MO@naver_shoppingsearch,1.B04_펫급식기_MO@cpc_petcare,1514018,101819,865,190,5896200,3.894405483,0.008495467447,0.2196531792
2025,쇼핑검색,07.반려_MO@naver_shoppingsearch,1.B05_자동급식기_MO@cpc_petcare,253341,61237,142,29,354900,1.400878658,0.002318859513,0.2042253521
2025,쇼핑검색,07.반려_MO@naver_shoppingsearch,2.B01_펫정수기_MO@cpc_pw30,518001,31691,530,77,1319700,2.547678479,0.01672399104,0.1452830189
2025,쇼핑검색,07.반려_MO@naver_shoppingsearch,3.B01_고양이장난감_MO@cpc_pt40,1581745,561060,1731,321,4760500,3.009650734,0.003085231526,0.1854419411
2025,쇼핑검색,07.반려_MO@naver_shoppingsearch,3.B01_고양이장난감_MO@cpc_pt40_h-s,2775883,631198,2343,263,8940780,3.220877825,0.003711988948,0.1122492531
2025,쇼핑검색,07.반려_MO@naver_shoppingsearch,★07-1.자동급식기_MO@cpc_petcare,1194061,901371,1149,77,1826800,1.529905089,0.001274724836,0.06701479547
2025,쇼핑검색,07.반려_MO@naver_shoppingsearch,★07-1.자동급식기_MO@cpc_pf32_h-s,514470,261908,838,35,3334150,6.480747177,0.003199596805,0.04176610979
2025,쇼핑검색,07.반려_MO@naver_shoppingsearch,★07-1.펫급식기_MO@cpc_petcare,359238,578541,322,11,563700,1.569154711,0.0005565724815,0.03416149068
2025,쇼핑검색,07.반려_MO@naver_shoppingsearch,★07-2.펫정수기_MO@cpc_pw30_h,595650,44431,538,122,1497000,2.513220851,0.01210866287,0.2267657993
2025,쇼핑검색,07.반려_MO@naver_shoppingsearch,★07-2.펫정수기_MO@cpc_pw30_h-s,1222705,66697,1171,48,2398680,1.96178146,0.01755701156,0.04099060632
2025,쇼핑검색,07.반려_PC@naver_shoppingsearch,1.B01_스마트급식기_PC@cpc_petcare,186274,932032,207,1,140800,0.7558757529,0.0002220953787,0.004830917874
2025,쇼핑검색,07.반려_PC@naver_shoppingsearch,1.B01_스마트급식기_PC@cpc_pf32_h-s,76098,51924,124,4,281660,3.701279929,0.002388105693,0.03225806452
2025,쇼핑검색,07.반려_PC@naver_shoppingsearch,1.B02_강아지급식기_PC@cpc_petcare,867372,467594,531,83,1761900,2.031308366,0.001135600542,0.1563088512
2025,쇼핑검색,07.반려_PC@naver_shoppingsearch,1.B03_고양이급식기_PC@cpc_petcare,180708,309808,138,18,301100,1.666223964,0.000445437174,0.1304347826
2025,쇼핑검색,07.반려_PC@naver_shoppingsearch,1.B04_펫급식기_PC@cpc_petcare,518749,118366,331,108,2012100,3.878754465,0.002796411132,0.3262839879
2025,쇼핑검색,07.반려_PC@naver_shoppingsearch,1.B05_자동급식기_PC@cpc_petcare,25267,15126,16,0,0,0,0.001057781304,0
2025,쇼핑검색,07.반려_PC@naver_shoppingsearch,2.B01_펫정수기_PC@cpc_pw30,165462,17127,136,22,475800,2.875584726,0.007940678461,0.1617647059
2025,쇼핑검색,07.반려_PC@naver_shoppingsearch,3.B01_고양이장난감_PC@cpc_pt40,205161,256932,314,46,759900,3.703920336,0.001222113244,0.1464968153
2025,쇼핑검색,07.반려_PC@naver_shoppingsearch,3.B01_고양이장난감_PC@cpc_pt40_h-s,264143,292958,352,28,997440,3.776136411,0.001201537422,0.07954545455
2025,쇼핑검색,07.반려_PC@naver_shoppingsearch,★07-1.자동급식기_PC@cpc_petcare,0,4,0,0,0,0,0,0
2025,쇼핑검색,07.반려_PC@naver_shoppingsearch,★07-1.펫급식기_PC@cpc_petcare,42702,70109,27,4,258000,6.041871575,0.0003851146073,0.1481481481
2025,쇼핑검색,07.반려_PC@naver_shoppingsearch,★07-2.펫정수기_PC@cpc_pw30_h,42878,6155,49,3,95600,2.229581604,0.007961007311,0.0612244898
2025,쇼핑검색,07.반려_PC@naver_shoppingsearch,★07-2.펫정수기_PC@cpc_pw30_h-s,140965,8705,145,7,188800,1.339339552,0.01665709362,0.04827586207
2025,쇼핑검색,07.스스반려_MO@shoppingsearch,01.카메라형 급식기_MO@cpc_pf321_h-s,102597,40905,116,2,249700,2.43379436,0.002835839139,0.01724137931
2025,쇼핑검색,07.스스반려_MO@shoppingsearch,02.급식기care_MO@cpc_petcare_h-s,59796,6966,67,7,862060,14.41668339,0.009618145277,0.1044776119
2025,쇼핑검색,07.스스반려_PC@shoppingsearch,01.카메라형 급식기_PC@cpc_pf321_h-s,3421,4707,7,0,0,0,0.001487146803,0
2025,쇼핑검색,07.스스반려_PC@shoppingsearch,02.급식기care_PC@cpc_petcare_h-s,2805,997,4,0,0,0,0.004012036108,0
2025,쇼핑검색,08.리빙_MO@naver_shoppingsearch,08-1.체중계_MO@cpc_bs35_h,54571,43573,134,13,149500,2.739550311,0.003075298924,0.09701492537
2025,쇼핑검색,08.리빙_MO@naver_shoppingsearch,08-2.리모컨허브_MO@cpc_ir02_h,664345,101004,1155,236,2828290,4.257260911,0.01143519069,0.2043290043
2025,쇼핑검색,08.리빙_MO@naver_shoppingsearch,08-2.리모컨허브_MO@cpc_ir02_h-s,3212,589,3,0,0,0,0.005093378608,0
2025,쇼핑검색,08.리빙_MO@naver_shoppingsearch,08-2.리모컨허브_MO@cpc_ir441_h,3541076,358763,3412,732,8738280,2.467690612,0.009510456764,0.2145369285
2025,쇼핑검색,08.리빙_MO@naver_shoppingsearch,08-2.리모컨허브_MO@cpc_ir441_h-s,1222793,353695,1591,212,6817400,5.575269077,0.004498225873,0.1332495286
2025,쇼핑검색,08.리빙_MO@naver_shoppingsearch,08-3.스마트버튼_MO@cpc_t402_h-s,616,594,6,0,0,0,0.0101010101,0
2025,쇼핑검색,08.리빙_PC@naver_shoppingsearch,08-1.체중계_PC@cpc_bs35_h,22176,27354,48,0,0,0,0.001754770783,0
2025,쇼핑검색,08.리빙_PC@naver_shoppingsearch,08-2.리모컨허브_PC@cpc_ir02_h-s,0,50,0,0,0,0,0,0
2025,쇼핑검색,08.리빙_PC@naver_shoppingsearch,08-2.리모컨허브_PC@cpc_ir441_h,1074293,179043,1158,319,3861900,3.594829344,0.006467720045,0.2754749568
2025,쇼핑검색,08.리빙_PC@naver_shoppingsearch,08-2.리모컨허브_PC@cpc_ir441_h-s,1340768,362992,1957,402,10868970,8.106525514,0.00539130339,0.2054164538
2025,쇼핑검색,08.리빙_PC@naver_shoppingsearch,08-3.스마트버튼_PC@cpc_t402_h-s,451,540,6,1,69800,154.767184,0.01111111111,0.1666666667
2025,쇼핑검색,08.리빙_PC@naver_shoppingsearch,08-3.음식물처리기_PC@cpc_fd471_h-s,1012,658,2,0,0,0,0.003039513678,0
2025,쇼핑검색,09.로청_MO@naver_shoppingbrand,09.로청_MO@cpc_rc41,136697,29685,403,1,0,0,0.01357588007,0.002481389578
2025,쇼핑검색,09.로청_MO@naver_shoppingbrand,9.A01_로봇청소기_MO@cpc_rc41_h,1058552,131840,358,3,759400,0.7173950831,0.002715412621,0.008379888268
2025,쇼핑검색,09.로청_MO@naver_shoppingbrand,9.A01_로봇청소기_MO@cpc_rc41_h-s,1159455,308157,456,0,0,0,0.001479765185,0
2025,쇼핑검색,09.로청_MO@naver_shoppingbrand,9.B01_로봇청소기_MO@cpc_rc41_h,612348,1038615,269,37,2123100,3.467146133,0.0002589987628,0.1375464684
2025,쇼핑검색,09.로청_PC@naver_shoppingbrand,09.로청_pc@cpc_rc41,11132,22448,32,0,0,0,0.00142551675,0
2025,쇼핑검색,09.로청_PC@naver_shoppingbrand,9.A01_로봇청소기_PC@cpc_rc41_h,53042,4737,19,0,0,0,0.004010977412,0
2025,쇼핑검색,09.로청_PC@naver_shoppingbrand,9.A01_로봇청소기_PC@cpc_rc41_h-s,117744,238240,61,1,349000,2.964057617,0.0002560443251,0.01639344262
2025,쇼핑검색,09.로청_PC@naver_shoppingbrand,9.B01_로봇청소기_PC@cpc_rc41_h,7381,58568,9,0,0,0,0.0001536675318,0
2025,쇼핑검색,10.스스멀티어댑터_MO@shoppingsearch,10-1. 멀티어댑터_MO@cpc_ma481_h-s,1557259,393253,1596,94,2271860,1.458883847,0.004058456007,0.05889724311
2025,쇼핑검색,10.스스멀티어댑터_PC@shoppingsearch,10-1. 멀티어댑터_PC@cpc_ma481_h-s,134871,198724,143,8,450200,3.338004464,0.0007195909905,0.05594405594
2025,쇼핑검색,11.스스피카스위치_MO@shoppingsearch,01.피카 스위치_MO@cpc_sw012_h-s,1173425,98649,1289,33,2631840,2.24287023,0.0130665288,0.02560124127
2025,쇼핑검색,11.스스피카스위치_PC@shoppingsearch,01.피카 스위치_PC@cpc_sw012_h-s,257598,23902,382,7,666600,2.587753011,0.0159819262,0.01832460733
2025,쇼핑검색,12.스스하츠_MO@shoppingsearch,01.하츠 환풍기_MO@cpc_g600s_h-s,10516,1875,17,0,0,0,0.009066666667,0
2025,쇼핑검색,12.스스하츠_PC@shoppingsearch,01.하츠 환풍기_PC@cpc_g600s_h-s,528,116,1,0,0,0,0.008620689655,0
2025,쇼핑검색,음처기_MO@naver_shoppingsearch,음식물쓰레기MO@cpc_fd471_h,1384086,268005,395,16,1422900,1.028043055,0.0014738531,0.04050632911
2025,쇼핑검색,음처기_MO@naver_shoppingsearch,음식물처리기_MO@cpc_fd471_h-s,31761411,3981915,12832,168,55200860,1.737985129,0.003222570045,0.01309226933
2025,쇼핑검색,음처기_MO@naver_shoppingsearch,음식물처리기분쇄_MO@cpc_fd471_h-s,6668211,468316,2254,27,7641130,1.145904051,0.00481298952,0.01197870453
2025,쇼핑검색,음처기_MO@naver_shoppingsearch,음식물처리기분쇄기_MO@cpc_fd471_h-s,13842906,891168,4262,74,25852160,1.867538507,0.004782487702,0.0173627405
2025,쇼핑검색,음처기_MO@naver_shoppingsearch,음식쓰레기처리기MO@cpc_fd471_h,2075557,148184,675,23,1844900,0.8888698311,0.004555147654,0.03407407407
2025,쇼핑검색,음처기_PC@naver_shoppingsearch,음식물쓰레기PC@cpc_fd471_h,1218096,624373,422,13,1852200,1.520569807,0.0006758780409,0.0308056872
2025,쇼핑검색,음처기_PC@naver_shoppingsearch,음식물처리기_PC@cpc_fd471_h-s,3673252,1751962,2021,19,6893020,1.876544272,0.001153563833,0.009401286492
2025,쇼핑검색,음처기_PC@naver_shoppingsearch,음식물처리기분쇄_PC@cpc_fd471_h-s,917895,608949,673,12,4418930,4.814199881,0.001105182864,0.01783060921
2025,쇼핑검색,음처기_PC@naver_shoppingsearch,음식물처리기분쇄기_PC@cpc_fd471_h-s,744535,188356,370,14,4226020,5.676052838,0.001964365351,0.03783783784
2025,쇼핑검색,음처기_PC@naver_shoppingsearch,음식쓰레기처리기PC@cpc_fd471_h,421696,174441,140,10,844590,2.002840909,0.0008025636175,0.07142857143
2025,쇼핑검색,음처기공식몰MO@naver_shoppingsearch,1위음식물분쇄기MO@cpc_fd471_h,721853,722057,302,3,359100,0.4974697064,0.0004182495288,0.009933774834
2025,쇼핑검색,음처기공식몰MO@naver_shoppingsearch,음식물쓰레기MO@cpc_fd471_h,880572,328170,251,6,1077000,1.223068642,0.0007648474876,0.02390438247
2025,쇼핑검색,음처기공식몰MO@naver_shoppingsearch,음식물처리기MO@cpc_fd471_h,38245900,6250727,9143,318,34317630,0.8972891212,0.001462709858,0.03478070655
2025,쇼핑검색,음처기공식몰MO@naver_shoppingsearch,음식물처리기분쇄MO@cpc_fd471_h,41575160,6608078,9788,205,23990000,0.5770272442,0.001481217383,0.02094401308
2025,쇼핑검색,음처기공식몰MO@naver_shoppingsearch,음식쓰레기처리기MO@cpc_fd471_h,1130206,675440,366,5,773310,0.6842203988,0.0005418690039,0.01366120219
2025,쇼핑검색,음처기공식몰PC@naver_shoppingsearch,음식물분쇄기PC@cpc_fd471_h,5238156,2058789,1605,51,5630300,1.074862986,0.0007795845033,0.03177570093
2025,쇼핑검색,음처기공식몰PC@naver_shoppingsearch,음식물쓰레기PC@cpc_fd471_h,164076,419074,107,14,415900,2.534800946,0.0002553248352,0.1308411215
2025,쇼핑검색,음처기공식몰PC@naver_shoppingsearch,음식물처리기PC@cpc_fd471_h,3129544,1967654,1118,38,5486480,1.753124417,0.000568189326,0.03398926655
2025,쇼핑검색,음처기공식몰PC@naver_shoppingsearch,음식물처리기분쇄PC@cpc_fd471_h,643984,1846453,483,4,775000,1.203446048,0.0002615826127,0.008281573499
2025,쇼핑검색,음처기공식몰PC@naver_shoppingsearch,음식쓰레기처리기PC@cpc_fd471_h,869880,490244,391,43,3912710,4.497988228,0.0007975620303,0.1099744246
2025,파워링크,(공식몰)하츠_MO,(공식몰)하츠_MO_브랜드명,127754,9522,193,0,0,0,0.02026885108,0
2025,파워링크,(공식몰)하츠_PC,(공식몰)하츠_PC_브랜드명,12254,1899,21,0,0,0,0.01105845182,0
2025,파워링크,00.브랜드_MO@naver_powerlink,00-1.자사명_MO@cpc_hejhome_h,12604339,714253,15754,5402,96030120,7.618814442,0.02205661019,0.342897042
2025,파워링크,00.브랜드_MO@naver_powerlink,00-2.경쟁사_MO@cpc_hejhome_h,24827,29847,201,41,743900,29.96334636,0.00673434516,0.2039800995
2025,파워링크,00.브랜드_PC@naver_powerlink,00-1.자사명_PC@cpc_hejhome_h,4220150,233907,7852,3118,68557270,16.24522114,0.03356889704,0.3970962812
2025,파워링크,01.홈카메라_메인_MO@naver_powerlink,01-1.홈CCTV_MO@cpc_mc0511_h,4735500,319953,3173,404,6251510,1.320137261,0.009917081571,0.1273242988
2025,파워링크,01.홈카메라_메인_MO@naver_powerlink,01-1.홈카메라_MO@cpc_mc0511_h,4847546,164080,3474,671,12679090,2.615568785,0.02117259873,0.1931491077
2025,파워링크,01.홈카메라_메인_MO@naver_powerlink,01-1.홈캠_MO@cpc_MC0511_h-s(삭제),0,23,0,0,0,0,0,0
2025,파워링크,01.홈카메라_메인_MO@naver_powerlink,01-1.홈캠_MO@cpc_mc0511_h,12923108,257340,7311,1433,29448500,2.278747496,0.02840988575,0.1960060183
2025,파워링크,01.홈카메라_메인_PC@naver_powerlink,01-1.홈CCTV_PC@cpc_mc0511_h,298969,84229,352,22,401200,1.341945152,0.004179083214,0.0625
2025,파워링크,01.홈카메라_메인_PC@naver_powerlink,01-1.홈카메라_PC@cpc_mc0511_h,278861,69707,234,25,653910,2.344931704,0.003356908201,0.1068376068
2025,파워링크,01.홈카메라_메인_PC@naver_powerlink,01-1.홈캠_PC@cpc_mc0511_h,392414,20688,360,27,674300,1.718338286,0.01740139211,0.075
2025,파워링크,01.홈카메라_쿠팡_MO@naver_powerlink,01-1 쿠팡+전환_1_MO@cpc_MC0511_h,31276157,3129754,22673,5075,100869000,3.225108507,0.007244339331,0.2238345168
2025,파워링크,01.홈카메라_쿠팡_MO@naver_powerlink,01-1 쿠팡+전환_2_MO@cpc_MC0511_h,8685556,1127807,10209,1402,21878020,2.51889689,0.009052080719,0.137329807
2025,파워링크,01.홈카메라_쿠팡_MO@naver_powerlink,01-1 쿠팡+전환_3_MO@cpc_MC0511_h,2774750,391184,2336,368,5067510,1.826294261,0.005971614381,0.1575342466
2025,파워링크,01.홈카메라_쿠팡_PC@naver_powerlink, 01-1 쿠팡+전환_1_PC@cpc_MC0511_h,12238875,1601073,9068,1283,25572990,2.089488617,0.00566370178,0.1414865461
2025,파워링크,01.홈카메라_쿠팡_PC@naver_powerlink,01-1 쿠팡+전환_2_PC@cpc_MC0511_h,452309,703269,876,144,2649650,5.858052791,0.001245611565,0.1643835616
2025,파워링크,01.홈카메라_쿠팡_PC@naver_powerlink,01-1 쿠팡+전환_3_PC@cpc_MC0511_h,175868,205941,305,43,419520,2.385425433,0.001481006696,0.1409836066
2025,파워링크,01.홈카메라_확장_MO@naver_powerlink,01-2.홈CCTV+반려1_MO@cpc_MC0511_h,264,2963,3,0,0,0,0.001012487344,0
2025,파워링크,01.홈카메라_확장_MO@naver_powerlink,01-2.홈CCTV+반려2_MO@cpc_mc0511_h,385,323,5,0,0,0,0.01547987616,0
2025,파워링크,01.홈카메라_확장_MO@naver_powerlink,01-2.홈CCTV+반려3_MO@cpc_mc0511_h,221100,7416,207,46,606800,2.744459521,0.02791262136,0.2222222222
2025,파워링크,01.홈카메라_확장_MO@naver_powerlink,01-2.홈CCTV+반려4_MO@cpc_mc0511_h,489929,11349,417,93,2399210,4.897056512,0.0367433254,0.2230215827
2025,파워링크,01.홈카메라_확장_MO@naver_powerlink,01-2.홈CCTV+보안_1_MO@cpc_mc058_h,8316,2701,13,11,685700,82.45550746,0.00481303221,0.8461538462
2025,파워링크,01.홈카메라_확장_MO@naver_powerlink,01-2.홈CCTV+보안_2_MO@cpc_mc058_h,572,354,1,0,0,0,0.002824858757,0
2025,파워링크,01.홈카메라_확장_MO@naver_powerlink,01-2.홈CCTV+보안_3_MO@cpc_mc058_h,2189,396,4,0,0,0,0.0101010101,0
2025,파워링크,01.홈카메라_확장_MO@naver_powerlink,01-2.홈CCTV+보안_4_MO@cpc_mc058_h,5500,1128,9,0,0,0,0.007978723404,0
2025,파워링크,01.홈카메라_확장_MO@naver_powerlink,01-2.홈CCTV+보안_5_MO@cpc_mc058_h,22231,4996,33,0,0,0,0.006605284227,0
2025,파워링크,01.홈카메라_확장_MO@naver_powerlink,01-2.홈CCTV+보안_6_MO@cpc_mc058_h,68156,6586,73,14,134700,1.976348377,0.01108411783,0.1917808219
2025,파워링크,01.홈카메라_확장_MO@naver_powerlink,01-2.홈CCTV+보안_7_MO@cpc_mc058_h,55209,6858,61,3,69900,1.266097919,0.008894721493,0.04918032787
2025,파워링크,01.홈카메라_확장_MO@naver_powerlink,01-2.홈CCTV+보안_8_MO@cpc_mc058_h,60940,7055,61,1,0,0,0.008646350106,0.01639344262
2025,파워링크,01.홈카메라_확장_MO@naver_powerlink,01-2.홈CCTV+어른_1_MO@cpc_mc058_h,126720,6030,214,11,261600,2.064393939,0.03548922056,0.05140186916
2025,파워링크,01.홈카메라_확장_MO@naver_powerlink,01-2.홈CCTV+어른_2_MO@cpc_mc058_h,87890,2245,119,2,0,0,0.05300668151,0.01680672269
2025,파워링크,01.홈카메라_확장_MO@naver_powerlink,01-2.홈CCTV+어른_3_MO@cpc_mc058_h,83688,3449,204,15,363300,4.341124176,0.05914757901,0.07352941176
2025,파워링크,01.홈카메라_확장_MO@naver_powerlink,01-2.홈CCTV+육아_1_MO@cpc_mc058_h,1364,452,3,0,0,0,0.006637168142,0
2025,파워링크,01.홈카메라_확장_MO@naver_powerlink,01-2.홈CCTV+육아_2_MO@cpc_mc058_h,0,135,0,0,0,0,0,0
2025,파워링크,01.홈카메라_확장_MO@naver_powerlink,01-2.홈CCTV+육아_3_MO@cpc_mc058_h,77,110,1,0,0,0,0.009090909091,0
2025,파워링크,01.홈카메라_확장_MO@naver_powerlink,01-2.홈CCTV+육아_4_MO@cpc_mc058_h,0,204,0,0,0,0,0,0
2025,파워링크,01.홈카메라_확장_MO@naver_powerlink,01-2.홈CCTV+육아_5_MO@cpc_mc058_h,24772,4121,50,16,356300,14.38317455,0.01213297743,0.32
2025,파워링크,01.홈카메라_확장_MO@naver_powerlink,01-2.홈CCTV+육아_6_MO@cpc_mc058_h,4301,420,10,0,0,0,0.02380952381,0
2025,파워링크,01.홈카메라_확장_MO@naver_powerlink,01-2.홈CCTV+육아_7_MO@cpc_mc058_h,3278,514,9,0,0,0,0.01750972763,0
2025,파워링크,01.홈카메라_확장_MO@naver_powerlink,01-2.홈CCTV+육아_8_MO@cpc_mc058_h,2453,612,4,0,0,0,0.006535947712,0
2025,파워링크,01.홈카메라_확장_MO@naver_powerlink,01-2.홈카메라+반려_1_MO@cpc_mc058_h,325666,12153,334,47,914500,2.808091726,0.02748292603,0.1407185629
2025,파워링크,01.홈카메라_확장_MO@naver_powerlink,01-2.홈카메라+반려_2_MO@cpc_mc058_h,4301,773,18,5,117600,27.34247849,0.02328589909,0.2777777778
2025,파워링크,01.홈카메라_확장_MO@naver_powerlink,01-2.홈카메라+보안_1_MO@cpc_mc058_h,25234,12142,46,0,0,0,0.003788502718,0
2025,파워링크,01.홈카메라_확장_MO@naver_powerlink,01-2.홈카메라+보안_2_MO@cpc_mc058_h,78925,6909,111,2,137700,1.74469433,0.01606600087,0.01801801802
2025,파워링크,01.홈카메라_확장_MO@naver_powerlink,01-2.홈카메라+보안_3_MO@cpc_mc058_h,3454,902,8,0,0,0,0.008869179601,0
2025,파워링크,01.홈카메라_확장_MO@naver_powerlink,01-2.홈카메라+어른_MO@cpc_mc058_h,103763,6350,251,24,308800,2.976012644,0.03952755906,0.09561752988
2025,파워링크,01.홈카메라_확장_MO@naver_powerlink,01-2.홈카메라+육아_1_MO@cpc_mc058_h,8228,1720,18,0,0,0,0.01046511628,0
2025,파워링크,01.홈카메라_확장_MO@naver_powerlink,01-2.홈카메라+육아_2_MO@cpc_mc058_h,52316,12817,93,34,644900,12.32701277,0.007255988141,0.3655913978
2025,파워링크,01.홈카메라_확장_MO@naver_powerlink,01-2.홈캠+반려_MO@cpc_mc058_h,1502391,56713,1140,222,5722200,3.808728886,0.02010121136,0.1947368421
2025,파워링크,01.홈카메라_확장_MO@naver_powerlink,01-2.홈캠+보안_1_MO@cpc_mc058_h,22484,4420,56,4,123300,5.483899662,0.01266968326,0.07142857143
2025,파워링크,01.홈카메라_확장_MO@naver_powerlink,01-2.홈캠+보안_2_MO@cpc_mc058_h,14608,4384,38,15,431700,29.55230011,0.008667883212,0.3947368421
2025,파워링크,01.홈카메라_확장_MO@naver_powerlink,01-2.홈캠+어른_MO@cpc_mc058_h,138457,13060,384,31,104800,0.7569136988,0.02940275651,0.08072916667
2025,파워링크,01.홈카메라_확장_MO@naver_powerlink,01-2.홈캠+육아_1_MO@cpc_mc058_h,86108,20321,180,39,678900,7.884284852,0.0088578318,0.2166666667
2025,파워링크,01.홈카메라_확장_MO@naver_powerlink,01-2.홈캠+육아_2_MO@cpc_mc058_h,205898,28483,239,45,996700,4.840746389,0.008390970052,0.1882845188
2025,파워링크,01.홈카메라_확장_MO@naver_powerlink,01-3.홈CCTV+대학생_MO@cpc_mc058_h,0,199,0,0,0,0,0,0
2025,파워링크,01.홈카메라_확장_MO@naver_powerlink,01-3.홈CCTV+신혼부부_MO@cpc_mc058_h,0,90,0,0,0,0,0,0
2025,파워링크,01.홈카메라_확장_MO@naver_powerlink,01-3.홈CCTV+임산부_MO@cpc_mc058_h,77,353,1,0,0,0,0.00283286119,0
2025,파워링크,01.홈카메라_확장_MO@naver_powerlink,01-3.홈CCTV+자영업자_MO@cpc_mc058_h,781,1463,4,0,0,0,0.002734107997,0
2025,파워링크,01.홈카메라_확장_MO@naver_powerlink,01-3.홈CCTV+자취생_MO@cpc_mc058_h,3201,1287,5,0,0,0,0.003885003885,0
2025,파워링크,01.홈카메라_확장_MO@naver_powerlink,01-3.홈카메라+대학생_MO@cpc_mc058_h,737,748,2,0,0,0,0.002673796791,0
2025,파워링크,01.홈카메라_확장_MO@naver_powerlink,01-3.홈카메라+신혼부부_MO@cpc_mc058_h,451,315,1,0,0,0,0.003174603175,0
2025,파워링크,01.홈카메라_확장_MO@naver_powerlink,01-3.홈카메라+임산부_MO@cpc_mc058_h,0,106,0,0,0,0,0,0
2025,파워링크,01.홈카메라_확장_MO@naver_powerlink,01-3.홈카메라+자영업자_MO@cpc_mc058_h,1276,684,3,0,0,0,0.004385964912,0
2025,파워링크,01.홈카메라_확장_MO@naver_powerlink,01-3.홈카메라+자취생_MO@cpc_mc058_h,11330,3493,26,2,89800,7.925860547,0.007443458345,0.07692307692
2025,파워링크,01.홈카메라_확장_MO@naver_powerlink,01-3.홈캠+대학생_MO@cpc_mc058_h,1254,320,3,0,0,0,0.009375,0
2025,파워링크,01.홈카메라_확장_MO@naver_powerlink,01-3.홈캠+신혼부부_MO@cpc_mc058_h,0,123,0,0,0,0,0,0
2025,파워링크,01.홈카메라_확장_MO@naver_powerlink,01-3.홈캠+임산부_MO@cpc_mc058_h,231,320,3,0,0,0,0.009375,0
2025,파워링크,01.홈카메라_확장_MO@naver_powerlink,01-3.홈캠+자영업자_MO@cpc_mc058_h,550,188,2,0,0,0,0.01063829787,0
2025,파워링크,01.홈카메라_확장_MO@naver_powerlink,01-3.홈캠+자취생_MO@cpc_mc058_h,4246,400,8,0,0,0,0.02,0
2025,파워링크,01.홈카메라_확장_PC@naver_powerlink,01-2.홈CCTV+반려1_PC@cpc_MC0511_h,77,85,1,0,0,0,0.01176470588,0
2025,파워링크,01.홈카메라_확장_PC@naver_powerlink,01-2.홈CCTV+반려2_PC@cpc_mc0511_h,0,26,0,0,0,0,0,0
2025,파워링크,01.홈카메라_확장_PC@naver_powerlink,01-2.홈CCTV+반려3_PC@cpc_mc0511_h,49863,1582,39,6,67800,1.359725648,0.02465233881,0.1538461538
2025,파워링크,01.홈카메라_확장_PC@naver_powerlink,01-2.홈CCTV+반려4_PC@cpc_mc0511_h,41624,3382,55,22,540200,12.97808956,0.01626256653,0.4
2025,파워링크,01.홈카메라_확장_PC@naver_powerlink,01-2.홈CCTV+보안1_PC@cpc_mc0511_h,4070,759,5,0,0,0,0.006587615283,0
2025,파워링크,01.홈카메라_확장_PC@naver_powerlink,01-2.홈CCTV+보안2_PC@cpc_mc0511_h,0,70,0,0,0,0,0,0
2025,파워링크,01.홈카메라_확장_PC@naver_powerlink,01-2.홈CCTV+보안3_PC@cpc_mc0511_h,605,90,1,0,0,0,0.01111111111,0
2025,파워링크,01.홈카메라_확장_PC@naver_powerlink,01-2.홈CCTV+보안4_PC@cpc_mc0511_h,0,165,0,0,0,0,0,0
2025,파워링크,01.홈카메라_확장_PC@naver_powerlink,01-2.홈CCTV+보안5_PC@cpc_mc0511_h,11429,1551,16,0,0,0,0.01031592521,0
2025,파워링크,01.홈카메라_확장_PC@naver_powerlink,01-2.홈CCTV+보안6_PC@cpc_mc0511_h,10835,2272,16,0,0,0,0.007042253521,0
2025,파워링크,01.홈카메라_확장_PC@naver_powerlink,01-2.홈CCTV+보안7_PC@cpc_mc0511_h,13981,2910,21,0,0,0,0.007216494845,0
2025,파워링크,01.홈카메라_확장_PC@naver_powerlink,01-2.홈CCTV+보안8_PC@cpc_mc0511_h,8173,3071,15,5,119800,14.65802031,0.004884402475,0.3333333333
2025,파워링크,01.홈카메라_확장_PC@naver_powerlink,01-2.홈CCTV+어른1_PC@cpc_mc0511_h,22132,1175,33,0,0,0,0.02808510638,0
2025,파워링크,01.홈카메라_확장_PC@naver_powerlink,01-2.홈CCTV+어른2_PC@cpc_mc0511_h,21956,1130,34,11,0,0,0.03008849558,0.3235294118
2025,파워링크,01.홈카메라_확장_PC@naver_powerlink,01-2.홈CCTV+어른3_PC@cpc_mc0511_h,46123,2080,76,8,69900,1.515512868,0.03653846154,0.1052631579
2025,파워링크,01.홈카메라_확장_PC@naver_powerlink,01-2.홈CCTV+육아1_PC@cpc_mc0511_h,0,17,0,0,0,0,0,0
2025,파워링크,01.홈카메라_확장_PC@naver_powerlink,01-2.홈CCTV+육아2_PC@cpc_mc0511_h,0,18,0,0,0,0,0,0
2025,파워링크,01.홈카메라_확장_PC@naver_powerlink,01-2.홈CCTV+육아4_PC@cpc_mc0511_h,154,20,2,0,0,0,0.1,0
2025,파워링크,01.홈카메라_확장_PC@naver_powerlink,01-2.홈CCTV+육아5_PC@cpc_mc0511_h,8800,853,9,0,0,0,0.01055099648,0
2025,파워링크,01.홈카메라_확장_PC@naver_powerlink,01-2.홈CCTV+육아6_PC@cpc_mc0511_h,935,62,1,0,0,0,0.01612903226,0
2025,파워링크,01.홈카메라_확장_PC@naver_powerlink,01-2.홈CCTV+육아7_PC@cpc_mc0511_h,154,52,2,0,0,0,0.03846153846,0
2025,파워링크,01.홈카메라_확장_PC@naver_powerlink,01-2.홈CCTV+육아8_PC@cpc_mc0511_h,1276,147,2,0,0,0,0.01360544218,0
2025,파워링크,01.홈카메라_확장_PC@naver_powerlink,01-2.홈카메라+반려1_PC@cpc_mc0511_h,83908,2856,84,18,352600,4.202221481,0.02941176471,0.2142857143
2025,파워링크,01.홈카메라_확장_PC@naver_powerlink,01-2.홈카메라+반려2_PC@cpc_mc0511_h,759,84,6,0,0,0,0.07142857143,0
2025,파워링크,01.홈카메라_확장_PC@naver_powerlink,01-2.홈카메라+보안1_PC@cpc_mc0511_h,6237,2826,13,1,104300,16.72278339,0.004600141543,0.07692307692
2025,파워링크,01.홈카메라_확장_PC@naver_powerlink,01-2.홈카메라+보안2_PC@cpc_mc0511_h,18150,1743,28,6,218700,12.04958678,0.01606425703,0.2142857143
2025,파워링크,01.홈카메라_확장_PC@naver_powerlink,01-2.홈카메라+보안3_PC@cpc_mc0511_h,1474,440,4,0,0,0,0.009090909091,0
2025,파워링크,01.홈카메라_확장_PC@naver_powerlink,01-2.홈카메라+어른PC@cpc_mc0511_h,3949,482,18,0,0,0,0.03734439834,0
2025,파워링크,01.홈카메라_확장_PC@naver_powerlink,01-2.홈카메라+육아_1_PC@cpc_mc058_h,2057,202,4,0,0,0,0.0198019802,0
2025,파워링크,01.홈카메라_확장_PC@naver_powerlink,01-2.홈카메라+육아_2_PC@cpc_mc058_h,10714,5857,17,5,70700,6.598842636,0.002902509817,0.2941176471
2025,파워링크,01.홈카메라_확장_PC@naver_powerlink,01-2.홈캠+반려_PC@cpc_mc058_h,364089,25977,316,97,1562200,4.29070914,0.01216460715,0.3069620253
2025,파워링크,01.홈카메라_확장_PC@naver_powerlink,01-2.홈캠+보안_1_PC@cpc_mc058_h,10307,798,26,0,0,0,0.03258145363,0
2025,파워링크,01.홈카메라_확장_PC@naver_powerlink,01-2.홈캠+보안_2_PC@cpc_mc058_h,4367,864,18,1,254700,58.32379208,0.02083333333,0.05555555556
2025,파워링크,01.홈카메라_확장_PC@naver_powerlink,01-2.홈캠+어른_PC@cpc_mc058_h,3553,2394,35,3,77800,21.89698846,0.01461988304,0.08571428571
2025,파워링크,01.홈카메라_확장_PC@naver_powerlink,01-2.홈캠+육아_1_PC@cpc_mc058_h,39138,7545,82,24,484600,12.3818284,0.01086812459,0.2926829268
2025,파워링크,01.홈카메라_확장_PC@naver_powerlink,01-2.홈캠+육아_2_PC@cpc_mc058_h,65978,9721,92,9,144900,2.196186608,0.009464046909,0.09782608696
2025,파워링크,01.홈카메라_확장_PC@naver_powerlink,01-3.홈CCTV+자영업자_PC@cpc_mc058_h,0,132,0,0,0,0,0,0
2025,파워링크,01.홈카메라_확장_PC@naver_powerlink,01-3.홈CCTV+자취생_PC@cpc_mc058_h,1639,295,3,0,0,0,0.01016949153,0
2025,파워링크,01.홈카메라_확장_PC@naver_powerlink,01-3.홈카메라+대학생_PC@cpc_mc058_h,2464,423,4,0,0,0,0.009456264775,0
2025,파워링크,01.홈카메라_확장_PC@naver_powerlink,01-3.홈카메라+신혼부부_PC@cpc_mc058_h,0,55,0,0,0,0,0,0
2025,파워링크,01.홈카메라_확장_PC@naver_powerlink,01-3.홈카메라+임산부_PC@cpc_mc058_h,1815,33,4,0,0,0,0.1212121212,0
2025,파워링크,01.홈카메라_확장_PC@naver_powerlink,01-3.홈카메라+자영업자_PC@cpc_mc058_h,1727,331,3,0,0,0,0.009063444109,0
2025,파워링크,01.홈카메라_확장_PC@naver_powerlink,01-3.홈카메라+자취생_PC@cpc_mc058_h,3465,577,9,0,0,0,0.01559792028,0
2025,파워링크,01.홈카메라_확장_PC@naver_powerlink,01-3.홈캠+대학생_PC@cpc_mc058_h,693,66,1,0,0,0,0.01515151515,0
2025,파워링크,01.홈카메라_확장_PC@naver_powerlink,01-3.홈캠+자취생_PC@cpc_mc058_h,319,178,3,0,0,0,0.01685393258,0
2025,파워링크,01.홈캠스스_MO@naver_powerlink,01-1.홈캠_MO@cpc_MC0511_h-s,436106,70891,417,10,1165420,2.672331956,0.005882269964,0.02398081535
2025,파워링크,01.홈캠스스_MO@naver_powerlink,01-2.홈캠_MO@cpc_MC0511_h-s,5597020,771923,5414,116,11041280,1.972706905,0.007013652916,0.02142593277
2025,파워링크,01.홈캠스스_PC@naver_powerlink,01-1.홈캠_MO@cpc_M_1756103192003(삭제),0,1,0,0,0,0,0,0
2025,파워링크,01.홈캠스스_PC@naver_powerlink,01-1.홈캠_PC@cpc_MC0511_h-s,44792,25388,84,9,732730,16.35850152,0.003308649756,0.1071428571
2025,파워링크,01.홈캠스스_PC@naver_powerlink,01-2.홈캠_PC@cpc_MC0511_h-s,348293,272572,689,26,3039390,8.726531972,0.002527772478,0.03773584906
2025,파워링크,02.로봇청소기_메인_MO@naver_powerlink,02-1.로봇청소기_MO@cpc_rc41_h,8391845,1377356,3858,52,5197000,0.6192917052,0.002801018763,0.01347848626
2025,파워링크,02.로봇청소기_메인_PC@naver_powerlink,02-1.로봇청소기_PC@cpc_rc41_h,2462955,1935869,1229,18,1443700,0.5861658049,0.0006348570074,0.0146460537
2025,파워링크,02.로봇청소기_확장_MO@naver_powerlink,02-2.로봇청소기+서브_1_MO@cpc_rc41_h,129690,21338,270,2,0,0,0.01265348205,0.007407407407
2025,파워링크,02.로봇청소기_확장_MO@naver_powerlink,02-3.로봇청소기+확장_1_MO@cpc_rc41_h,7007,1068,18,1,0,0,0.01685393258,0.05555555556
2025,파워링크,02.로봇청소기_확장_MO@naver_powerlink,02-3.로봇청소기+확장_2_MO@cpc_rc41_h,902,1348,4,0,0,0,0.00296735905,0
2025,파워링크,02.로봇청소기_확장_MO@naver_powerlink,02-3.로봇청소기+확장_3_MO@cpc_rc41_h,198,221,1,0,0,0,0.004524886878,0
2025,파워링크,02.로봇청소기_확장_MO@naver_powerlink,02-3.로봇청소기+확장_4_MO@cpc_rc41_h,3256,556,13,0,0,0,0.02338129496,0
2025,파워링크,02.로봇청소기_확장_MO@naver_powerlink,02-3.로봇청소기+확장_5_MO@cpc_rc41_h,2233,485,8,0,0,0,0.01649484536,0
2025,파워링크,02.로봇청소기_확장_MO@naver_powerlink,02-3.로봇청소기+확장_6_MO@cpc_rc41_h,979,245,5,0,0,0,0.02040816327,0
2025,파워링크,02.로봇청소기_확장_MO@naver_powerlink,02-3.로봇청소기+확장_7_MO@cpc_rc41_h,550,517,4,0,0,0,0.007736943907,0
2025,파워링크,02.로봇청소기_확장_MO@naver_powerlink,02-3.로봇청소기+확장_8_MO@cpc_rc41_h,605,333,3,0,0,0,0.009009009009,0
2025,파워링크,02.로봇청소기_확장_MO@naver_powerlink,02-3.로봇청소기+확장_9_MO@cpc_rc41_h,8261,1940,30,0,0,0,0.01546391753,0
2025,파워링크,02.로봇청소기_확장_PC@naver_powerlink,02-2.로봇청소기+서브_1_PC@cpc_rc41_h,436018,47479,272,8,914000,2.096243733,0.005728848544,0.02941176471
2025,파워링크,02.로봇청소기_확장_PC@naver_powerlink,02-3.로봇청소기+확장_1_PC@cpc_rc41_h,2937,545,7,0,0,0,0.0128440367,0
2025,파워링크,02.로봇청소기_확장_PC@naver_powerlink,02-3.로봇청소기+확장_2_PC@cpc_rc41_h,165,269,1,0,0,0,0.003717472119,0
2025,파워링크,02.로봇청소기_확장_PC@naver_powerlink,02-3.로봇청소기+확장_3_PC@cpc_rc41_h,517,34,1,0,0,0,0.02941176471,0
2025,파워링크,02.로봇청소기_확장_PC@naver_powerlink,02-3.로봇청소기+확장_4_PC@cpc_rc41_h,473,120,2,0,0,0,0.01666666667,0
2025,파워링크,02.로봇청소기_확장_PC@naver_powerlink,02-3.로봇청소기+확장_5_PC@cpc_rc41_h,77,166,1,0,0,0,0.006024096386,0
2025,파워링크,02.로봇청소기_확장_PC@naver_powerlink,02-3.로봇청소기+확장_6_PC@cpc_rc41_h,0,93,0,0,0,0,0,0
2025,파워링크,02.로봇청소기_확장_PC@naver_powerlink,02-3.로봇청소기+확장_7_PC@cpc_rc41_h,946,249,2,0,0,0,0.008032128514,0
2025,파워링크,02.로봇청소기_확장_PC@naver_powerlink,02-3.로봇청소기+확장_8_PC@cpc_rc41_h,0,125,0,0,0,0,0,0
2025,파워링크,02.로봇청소기_확장_PC@naver_powerlink,02-3.로봇청소기+확장_9_PC@cpc_rc41_h,1639,467,9,1,699000,426.4795607,0.01927194861,0.1111111111
2025,파워링크,03.반려_메인_MO@naver_powerlink,03-1.자동급식기_MO@cpc_petcare,3541879,358749,3340,236,6903400,1.949078441,0.009310130481,0.07065868263
2025,파워링크,03.반려_메인_MO@naver_powerlink,03-2.펫정수기_MO@cpc_pw30_h,5568277,303880,5517,522,8471800,1.521440115,0.01815519284,0.09461663948
2025,파워링크,03.반려_메인_MO@naver_powerlink,03-3.고양이 장난감_MO@cpc_pt40_h,571263,39709,462,63,428300,0.7497422378,0.01163464202,0.1363636364
2025,파워링크,03.반려_메인_PC@naver_powerlink,03-1.자동급식기_PC@cpc_petcare,129074,97540,140,17,696900,5.39922835,0.001435308591,0.1214285714
2025,파워링크,03.반려_메인_PC@naver_powerlink,03-2.펫정수기_PC@cpc_pw30_h,1190519,170401,1271,71,2129200,1.788463687,0.007458876415,0.05586152636
2025,파워링크,03.반려_메인_PC@naver_powerlink,03-3.고양이 장난감_PC@cpc_pt40_h,478522,33113,503,87,584300,1.221051488,0.0151904086,0.1729622266
2025,파워링크,03.반려_확장_MO@naver_powerlink,03-3.자동급식기+확장_1_MO@cpc_petcare,2327765,152097,2439,236,4869300,2.091834872,0.01603581925,0.09676096761
2025,파워링크,03.반려_확장_MO@naver_powerlink,03-3.자동급식기+확장_2_MO@cpc_petcare,3223,1150,18,0,0,0,0.01565217391,0
2025,파워링크,03.반려_확장_MO@naver_powerlink,03-3.자동급식기+확장_3_MO@cpc_petcare,6490,2438,30,2,278400,42.89676425,0.01230516817,0.06666666667
2025,파워링크,03.반려_확장_MO@naver_powerlink,03-3.자동급식기+확장_4_MO@cpc_petcare,27808,3907,96,1,159000,5.717779056,0.02457128231,0.01041666667
2025,파워링크,03.반려_확장_MO@naver_powerlink,03-3.자동급식기+확장_5_MO@cpc_petcare,31680,3631,159,29,1337200,42.20959596,0.04378958964,0.1823899371
2025,파워링크,03.반려_확장_MO@naver_powerlink,03-4.펫정수기+확장_1_MO@cpc_pw30_h,208725,15270,279,32,525500,2.517666786,0.01827111984,0.1146953405
2025,파워링크,03.반려_확장_MO@naver_powerlink,03-4.펫정수기+확장_2_MO@cpc_pw30_h,93643,20787,260,49,403800,4.312121568,0.01250781739,0.1884615385
2025,파워링크,03.반려_확장_PC@naver_powerlink,03-3.자동급식기+확장_1_PC@cpc_petcare,880143,91961,807,64,2019200,2.294172651,0.008775459162,0.07930607187
2025,파워링크,03.반려_확장_PC@naver_powerlink,03-3.자동급식기+확장_2_PC@cpc_petcare,4092,634,12,0,0,0,0.01892744479,0
2025,파워링크,03.반려_확장_PC@naver_powerlink,03-3.자동급식기+확장_3_PC@cpc_petcare,25179,2765,74,10,20700,0.8221136662,0.02676311031,0.1351351351
2025,파워링크,03.반려_확장_PC@naver_powerlink,03-3.자동급식기+확장_4_PC@cpc_petcare,11044,1368,33,0,0,0,0.02412280702,0
2025,파워링크,03.반려_확장_PC@naver_powerlink,03-3.자동급식기+확장_5_PC@cpc_petcare,9768,1151,37,6,259600,26.57657658,0.03214596003,0.1621621622
2025,파워링크,03.반려_확장_PC@naver_powerlink,03-4.펫정수기+확장_1_PC@cpc_pw30_h,36036,3295,45,15,173100,4.803529804,0.01365705615,0.3333333333
2025,파워링크,03.반려_확장_PC@naver_powerlink,03-4.펫정수기+확장_2_PC@cpc_pw30_h,22110,6045,67,0,0,0,0.01108354012,0
2025,파워링크,04.리모컨허브_메인_MO@naver_powerlink,04-1.리모컨허브_MO@cpc_ir44_h,1839244,309700,1537,240,2326990,1.265188306,0.004962867291,0.1561483409
2025,파워링크,04.리모컨허브_메인_PC@naver_powerlink,04-1.리모컨허브_PC@cpc_ir44_h,106942,171183,245,41,600900,5.618933628,0.001431216885,0.1673469388
2025,파워링크,04.리모컨허브_확장_MO@naver_powerlink,04-2.리모컨허브+확장_MO@cpc_ir44_h,393778,53520,555,171,1100750,2.795356775,0.01036995516,0.3081081081
2025,파워링크,04.리모컨허브_확장_PC@naver_powerlink,04-2.리모컨허브+확장_PC@cpc_ir44_h,317548,16407,231,27,285300,0.898446849,0.01407935637,0.1168831169
2025,파워링크,05.커튼set_메인_MO@naver_powerlink,05-1.남_MO@cpc_curtainset_h,2019699,103688,1165,160,7606500,3.766155254,0.01123562997,0.1373390558
2025,파워링크,05.커튼set_메인_MO@naver_powerlink,05-1.여_MO@cpc_curtainset_h,7675294,193808,3937,70,1343500,0.1750421547,0.02031391893,0.01778003556
2025,파워링크,05.커튼set_메인_MO@naver_powerlink,05-1.커튼set_MO@cpc_curtainset_h,23879955,811450,12657,1546,44547900,1.865493465,0.01559800357,0.1221458481
2025,파워링크,05.커튼set_메인_PC@naver_powerlink,05-1.남_PC@cpc_curtainset_h,481371,36090,307,26,1446800,3.005581973,0.008506511499,0.08469055375
2025,파워링크,05.커튼set_메인_PC@naver_powerlink,05-1.여_PC@cpc_curtainset_h,507298,41068,342,13,518900,1.022870187,0.0083276517,0.03801169591
2025,파워링크,05.커튼set_메인_PC@naver_powerlink,05-1.커튼set_PC@cpc_curtainset_h,3367727,380209,2539,289,11839100,3.515457161,0.006677906099,0.1138243403
2025,파워링크,05.커튼set_확장_MO@naver_powerlink,05-1.신혼부부1_MO@cpc_curtainset_h,1364,444,8,0,0,0,0.01801801802,0
2025,파워링크,05.커튼set_확장_MO@naver_powerlink,05-1.신혼부부2_MO@cpc_curtainset_h,0,97,0,0,0,0,0,0
2025,파워링크,05.커튼set_확장_MO@naver_powerlink,05-2.원룸1_MO@cpc_curtainset_h,3850,3588,49,11,185000,48.05194805,0.01365663322,0.2244897959
2025,파워링크,05.커튼set_확장_MO@naver_powerlink,05-2.원룸2_MO@cpc_curtainset_h,858,587,11,0,0,0,0.01873935264,0
2025,파워링크,05.커튼set_확장_MO@naver_powerlink,05-3.신혼집1_MO@cpc_curtainset_h,4191,1454,13,0,0,0,0.00894085282,0
2025,파워링크,05.커튼set_확장_MO@naver_powerlink,05-3.신혼집2_MO@cpc_curtainset_h,77,319,1,0,0,0,0.003134796238,0
2025,파워링크,05.커튼set_확장_MO@naver_powerlink,05-4.가정집1_MO@cpc_curtainset_h,231,178,3,0,0,0,0.01685393258,0
2025,파워링크,05.커튼set_확장_MO@naver_powerlink,05-4.가정집2_MO@cpc_curtainset_h,440,496,6,0,0,0,0.01209677419,0
2025,파워링크,05.커튼set_확장_MO@naver_powerlink,05-5.확장_MO@cpc_curtainset_h,245091,19619,596,82,3225200,13.15919393,0.03037871451,0.1375838926
2025,파워링크,05.커튼set_확장_PC@naver_powerlink,05-1.신혼부부1_PC@cpc_curtainset_h,0,88,0,0,0,0,0,0
2025,파워링크,05.커튼set_확장_PC@naver_powerlink,05-1.신혼부부2_PC@cpc_curtainset_h,0,8,0,0,0,0,0,0
2025,파워링크,05.커튼set_확장_PC@naver_powerlink,05-2.원룸1_PC@cpc_curtainset_h,198,787,2,0,0,0,0.002541296061,0
2025,파워링크,05.커튼set_확장_PC@naver_powerlink,05-2.원룸2_PC@cpc_curtainset_h,77,156,1,0,0,0,0.00641025641,0
2025,파워링크,05.커튼set_확장_PC@naver_powerlink,05-3.신혼집1_PC@cpc_curtainset_h,0,559,0,0,0,0,0,0
2025,파워링크,05.커튼set_확장_PC@naver_powerlink,05-3.신혼집2_PC@cpc_curtainset_h,0,26,0,0,0,0,0,0
2025,파워링크,05.커튼set_확장_PC@naver_powerlink,05-4.가정집1_PC@cpc_curtainset_h,77,52,1,0,0,0,0.01923076923,0
2025,파워링크,05.커튼set_확장_PC@naver_powerlink,05-4.가정집2_PC@cpc_curtainset_h,0,132,0,0,0,0,0,0
2025,파워링크,05.커튼set_확장_PC@naver_powerlink,05-5.확장_PC@cpc_curtainset_h,129910,9703,205,11,0,0,0.02112748634,0.05365853659
2025,파워링크,06.멀티탭_메인_MO@naver_powerlink,06-1.멀티탭_MO@cpc_ps03_h,2159927,735026,2203,71,451500,0.2090348424,0.002997172889,0.03222877894
2025,파워링크,06.멀티탭_메인_PC@naver_powerlink,06-1.멀티탭_PC@cpc_ps03_h,690767,512392,891,92,770400,1.115281998,0.001738903027,0.1032547699
2025,파워링크,07.MO_new전환@naver_powerlink,01.MO_기본_라인LED@cpc_ls06_h,131670,56640,173,24,164700,1.250854409,0.003054378531,0.1387283237
2025,파워링크,07.MO_new전환@naver_powerlink,01.MO_기본_스마트전구@cpc_lb03_h,1634743,235877,1922,87,662700,0.405384822,0.008148314588,0.0452653486
2025,파워링크,07.MO_new전환@naver_powerlink,01.MO_기본_펫급식기@cpc_pf32_h,392106,21613,589,91,2236500,5.703814785,0.02725211678,0.1544991511
2025,파워링크,07.PC_new전환@naver_powerlink,01.PC_기본_라인LED@cpc_ls06_h,76626,46554,93,2,0,0,0.001997680113,0.02150537634
2025,파워링크,07.PC_new전환@naver_powerlink,01.PC_기본_스마트전구@cpc_lb03_h,431673,96848,520,34,174300,0.4037778596,0.005369238394,0.06538461538
2025,파워링크,07.PC_new전환@naver_powerlink,01.PC_기본_펫급식기@cpc_pf32_h,116633,9500,155,12,674600,5.783954798,0.01631578947,0.07741935484
2025,파워링크,08.전원_메인_MO@naver_powerlink,08-1.스위치_MO@cpc_bds_h,1862047,125024,1796,48,762390,0.4094364965,0.01436524187,0.02672605791
2025,파워링크,08.전원_메인_MO@naver_powerlink,08-2.전원기기_MO@cpc_power_h,2592161,347697,3007,288,3307690,1.276035709,0.008648334613,0.09577652145
2025,파워링크,08.전원_메인_MO@naver_powerlink,08-3.멀티어댑터_MO@cpc_ma481_h,283085,59468,274,0,0,0,0.004607520011,0
2025,파워링크,08.전원_메인_MO@naver_powerlink,08-3.멀티어댑터_MO@cpc_ma481_h-s,1364,216,2,0,0,0,0.009259259259,0
2025,파워링크,08.전원_메인_MO@naver_powerlink,08-4.피카스위_MO@cpc_sw391_h,1588202,162008,1918,0,0,0,0.01183892153,0
2025,파워링크,08.전원_메인_PC@naver_powerlink,08-1.스위치_PC@cpc_bds_h,397364,85291,418,28,538600,1.355432299,0.00490086879,0.06698564593
2025,파워링크,08.전원_메인_PC@naver_powerlink,8-2.전원기기_PC@cpc_power_h,1106941,211290,1431,209,2368600,2.139770774,0.006772682096,0.1460517121
2025,파워링크,08.전원_메인_PC@naver_powerlink,8-3.멀티어댑터_PC@cpc_ma481_h,73414,23778,80,0,0,0,0.003364454538,0
2025,파워링크,08.전원_메인_PC@naver_powerlink,8-3.멀티어댑터_PC@cpc_ma481_h-s,0,214,0,0,0,0,0,0
2025,파워링크,08.전원_메인_PC@naver_powerlink,8-4.피카스위치_PC@cpc_h,431904,74051,537,0,0,0,0.007251758923,0
2025,파워링크,08.전원_확장_MO@naver_powerlink,08-4.전원기기+확장_MO@cpc_power_h,27049,7206,83,5,31800,1.175644201,0.0115181793,0.06024096386
2025,파워링크,08.전원_확장_PC@naver_powerlink,08-4.전원기기+확장_PC@cpc_power_h,19756,3601,61,1,0,0,0.01693973896,0.01639344262
2025,파워링크,09.센서_메인_MO@naver_powerlink,09-1.온습도계_MO@cpc_th14_h,794541,27832,917,200,2251870,2.834177217,0.03294768612,0.2181025082
2025,파워링크,09.센서_메인_PC@naver_powerlink,09-1.온습도계_PC@cpc_th14_h,246334,24515,402,32,149500,0.6068995754,0.0163981236,0.07960199005
2025,파워링크,09.센서_확장_MO@naver_powerlink,09-2.온습도계+확장1_MO@cpc_th14_h,96723,57236,293,12,179400,1.854781179,0.005119155776,0.0409556314
2025,파워링크,09.센서_확장_MO@naver_powerlink,09-2.온습도계+확장2_MO@cpc_th14_h,17600,6923,70,17,122570,6.964204545,0.01011122346,0.2428571429
2025,파워링크,09.센서_확장_PC@naver_powerlink,09-2.온습도계+확장1_PC@cpc_th14_h,15719,17400,46,2,29900,1.902156626,0.002643678161,0.04347826087
2025,파워링크,09.센서_확장_PC@naver_powerlink,09-2.온습도계+확장2_PC@cpc_th14_h,7634,1452,22,1,0,0,0.01515151515,0.04545454545
2025,파워링크,10.스스멀티어댑터_MO@naver_powerlink,10-1.멀티어댑터_MO@cpc_ma481_h-s,851444,152768,1200,53,1234400,1.449772387,0.007855048178,0.04416666667
2025,파워링크,10.스스멀티어댑터_PC@naver_powerlink,10-1.멀티어댑터_PC@cpc_ma481_h-s,124025,35477,193,5,119400,0.9627091312,0.005440144319,0.02590673575
2025,파워링크,IoT인테리어@naver_powerlink,IoT인테리어_광고그룹@cpc_iot_h,2971661,32079,242,0,0,0,0.007543876056,0
2025,파워링크,기업특판@naver_powerlink,특판@naver_powerlink_cpc_p105_h,5258,439,2,0,0,0,0.004555808656,0
2025,파워링크,음처기_MO@naver_powerlink,메인키워드_MO@cpc_fd471_h,42617960,1159182,12899,184,16857780,0.3955557704,0.01112767452,0.01426467168
2025,파워링크,음처기_MO@naver_powerlink,자상호_MO@cpc_fd471_h,233519,37006,914,92,8836500,37.84060398,0.02469869751,0.1006564551
2025,파워링크,음처기_PC@naver_powerlink,메인키워드_PC@cpc_fd471_h,6095947,359726,1756,32,4183400,0.6862592473,0.004881493136,0.01822323462
2025,파워링크,음처기_PC@naver_powerlink,자상호_PC@cpc_fd471_h,52184,9369,194,23,3383410,64.83615668,0.02070658555,0.118556701