월,캠페인,"총비용(VAT포함,원)",노출수,클릭수,전환수,전환매출액(원),ROAS,CTR,CVR
2025-01,00.브랜드_MO@naver_powerlink,1862212,105130,1916,722,15211920,8.168736964427252,0.01822505469418815,0.3768267223382046
2025-01,00.브랜드_PC@naver_powerlink,449020,42416,958,452,10839180,24.139637432631062,0.0225858166729536,0.4718162839248434
2025-01,00.브랜드형@naver_shoppingbrand,6644,1830,20,10,119800,18.03130644190247,0.01092896174863388,0.5
2025-01,00.자상호_MO@naver_shoppingsearch,11820138,344504,11756,5824,111070600,9.396726163433962,0.03412442235794069,0.49540660088465466
2025-01,00.자상호_PC@naver_shoppingsearch,1934526,29138,1794,880,20372640,10.531075829427984,0.06156908504358569,0.49052396878483834
2025-01,01.브랜드형_쇼검@naver_shoppingbrand,1138676,684116,1244,222,3444340,3.024863964815277,0.0018184050658075531,0.17845659163987138
2025-01,01.신규 자사명@naver_brandsearch,0,137344,49506,30026,497562260,0.0,0.3604525862068966,0.6065123419383509
2025-01,01.펫_MO@naver_shoppingbrand,261316,287796,502,72,1190200,4.554638828085536,0.001744291095081238,0.14342629482071714
2025-01,01.펫_PC@naver_shoppingbrand,660,98920,2,0,0,0.0,2.0218358269308533e-05,0.0
2025-01,01.홈카메라_메인_MO@naver_powerlink,1792868,74142,1200,186,3549800,1.9799561373174155,0.016185158209921502,0.155
2025-01,01.홈카메라_메인_PC@naver_powerlink,82830,39842,100,0,0,0.0,0.002509914160935696,0.0
2025-01,01.홈카메라_쿠팡_MO@naver_powerlink,10326976,1112096,8674,1668,32682280,3.1647483251631456,0.007799686358012258,0.19229882407193913
2025-01,01.홈카메라_쿠팡_PC@naver_powerlink,1027972,474322,894,140,4002840,3.893919289630457,0.0018847955608215516,0.15659955257270694
2025-01,01.홈카메라_확장_MO@naver_powerlink,342760,59248,428,74,1218400,3.5546738242502043,0.007223872535781798,0.17289719626168223
2025-01,01.홈카메라_확장_PC@naver_powerlink,78100,6342,80,10,139800,1.7900128040973111,0.01261431725007884,0.125
2025-01,01.홈캠_MO@naver_shoppingsearch,22497552,1033734,13718,2346,54034580,2.401798204533542,0.013270338404270344,0.17101618311707245
2025-01,01.홈캠_PC@naver_shoppingsearch,2397538,68800,1466,268,7049020,2.9401077271767955,0.02130813953488372,0.18281036834924966
2025-01,02.로봇청소기_메인_MO@naver_powerlink,298606,187724,334,2,0,0.0,0.00177920777311372,0.005988023952095809
2025-01,02.로봇청소기_메인_PC@naver_powerlink,230846,609512,268,4,1426200,6.1781447371840965,0.00043969601911037024,0.014925373134328358
2025-01,02.로봇청소기_확장_MO@naver_powerlink,80234,8026,186,2,0,0.0,0.02317468228258161,0.010752688172043012
2025-01,02.로봇청소기_확장_PC@naver_powerlink,193292,17314,110,0,0,0.0,0.0063532401524777635,0.0
2025-01,02.커튼_MO@naver_shoppingsearch,107624,35414,204,78,1129800,10.497658514829405,0.005760433726774722,0.38235294117647056
2025-01,02.커튼_PC@naver_shoppingsearch,107360,2516,96,0,0,0.0,0.03815580286168521,0.0
2025-01,03.반려_메인_MO@naver_powerlink,1305920,140036,1130,116,4182800,3.202952707669689,0.008069353594789911,0.10265486725663717
2025-01,03.반려_메인_PC@naver_powerlink,242220,58886,240,30,1014600,4.188754025266287,0.0040756716367218015,0.125
2025-01,03.반려_확장_MO@naver_powerlink,642026,36590,726,122,3018800,4.701990262076614,0.019841486745012297,0.16804407713498623
2025-01,03.반려_확장_PC@naver_powerlink,187066,8356,186,46,1885800,10.080934001903072,0.02225945428434658,0.24731182795698925
2025-01,03.조명_MO@naver_shoppingsearch,1606,384,4,2,39800,24.782067247820674,0.010416666666666666,0.5
2025-01,03.조명_PC@naver_shoppingsearch,63184,3672,72,26,194400,3.0767282856419347,0.0196078431372549,0.3611111111111111
2025-01,04.리모컨허브_메인_MO@naver_powerlink,13882,40154,66,20,123600,8.903616193632041,0.0016436718633261941,0.30303030303030304
2025-01,04.리모컨허브_메인_PC@naver_powerlink,10736,15858,44,2,39800,3.7071535022354696,0.002774624795056123,0.045454545454545456
2025-01,05.전원_MO@naver_shoppingsearch,6556,21874,104,4,33800,5.155582672361196,0.004754503062997166,0.038461538461538464
2025-01,05.커튼set_메인_MO@naver_powerlink,3641770,293028,3376,298,10547200,2.896174113137293,0.01152108330944483,0.08827014218009478
2025-01,05.커튼set_메인_PC@naver_powerlink,911812,140352,630,38,1731400,1.898856343193553,0.004488714090287278,0.06031746031746032
2025-01,05.커튼set_확장_MO@naver_powerlink,21186,2146,74,0,0,0.0,0.034482758620689655,0.0
2025-01,05.커튼set_확장_PC@naver_powerlink,17380,1124,34,16,0,0.0,0.030249110320284697,0.47058823529411764
2025-01,06.멀티탭_메인_MO@naver_powerlink,54846,83536,78,0,0,0.0,0.0009337291706569623,0.0
2025-01,06.멀티탭_메인_PC@naver_powerlink,165880,206568,184,6,61800,0.37255847600675185,0.00089074784090469,0.03260869565217391
2025-01,07.반려_MO@naver_shoppingsearch,2978272,109632,2332,466,10169600,3.414597457854756,0.021271161704611793,0.1998284734133791
2025-01,07.반려_PC@naver_shoppingsearch,443740,48580,300,44,1525600,3.438049308153423,0.006175380815150268,0.14666666666666667
2025-01,08.리빙_MO@naver_shoppingsearch,37268,80616,96,26,187400,5.028442631748417,0.0011908306043465317,0.2708333333333333
2025-01,08.리빙_PC@naver_shoppingsearch,0,122,0,0,0,,0.0,
2025-01,08.전원_메인_MO@naver_powerlink,57178,14772,132,16,109800,1.9203190038126552,0.008935824532900082,0.12121212121212122
2025-01,08.전원_메인_PC@naver_powerlink,29216,27204,74,0,0,0.0,0.002720188207616527,0.0
2025-01,08.전원_확장_MO@naver_powerlink,6336,1186,24,0,0,0.0,0.02023608768971332,0.0
2025-01,08.전원_확장_PC@naver_powerlink,2024,578,6,0,0,0.0,0.010380622837370242,0.0
2025-01,09.로청_MO@naver_shoppingbrand,237094,36146,696,2,0,0.0,0.019255242627123335,0.0028735632183908046
2025-01,09.로청_PC@naver_shoppingbrand,4092,1016,12,0,0,0.0,0.011811023622047244,0.0
2025-01,09.센서_메인_MO@naver_powerlink,44836,4954,124,28,340780,7.600588812561335,0.025030278562777553,0.22580645161290322
2025-01,09.센서_메인_PC@naver_powerlink,3212,3134,12,0,0,0.0,0.0038289725590299937,0.0
2025-01,09.센서_확장_MO@naver_powerlink,32252,33996,104,0,0,0.0,0.0030591834333450994,0.0
2025-01,09.센서_확장_PC@naver_powerlink,4950,4454,16,2,59800,12.080808080808081,0.003592276605298608,0.125
2025-02,00.브랜드_MO@naver_powerlink,1450724,109056,1854,568,8315620,5.732048273827413,0.01700044014084507,0.3063646170442287
2025-02,00.브랜드_PC@naver_powerlink,707916,38026,1282,574,9025120,12.7488572090474,0.03371377478567296,0.44773790951638065
2025-02,00.브랜드형@naver_shoppingbrand,7326,2060,22,4,0,0.0,0.010679611650485437,0.18181818181818182
2025-02,00.자상호_MO@naver_shoppingsearch,20733944,711546,15810,6322,113665880,5.482115703601784,0.022219224055788384,0.3998734977862113
2025-02,00.자상호_PC@naver_shoppingsearch,2854786,60836,2390,860,21571140,7.556132053330793,0.03928594910908015,0.3598326359832636
2025-02,01.브랜드형_쇼검@naver_shoppingbrand,708818,583140,920,152,2704380,3.8153376466173263,0.001577665740645471,0.16521739130434782
2025-02,01.신규 자사명@naver_brandsearch,0,148852,57948,35338,549739920,0.0,0.38929943836831216,0.6098225995720301
2025-02,01.펫_MO@naver_shoppingbrand,231792,271560,470,40,1321600,5.701663560433492,0.0017307409044041832,0.0851063829787234
2025-02,01.펫_PC@naver_shoppingbrand,2684,79316,8,0,0,0.0,0.00010086237329164355,0.0
2025-02,01.홈카메라_메인_MO@naver_powerlink,2361128,91560,1660,420,6321620,2.677372848909504,0.0181301878549585,0.25301204819277107
2025-02,01.홈카메라_메인_PC@naver_powerlink,117502,36888,126,8,279600,2.379533965379313,0.0034157449577098243,0.06349206349206349
2025-02,01.홈카메라_쿠팡_MO@naver_powerlink,7569804,887174,6732,1264,25785080,3.4063074816732377,0.007588139417972123,0.18775995246583482
2025-02,01.홈카메라_쿠팡_PC@naver_powerlink,1338898,556508,1298,380,4492800,3.355595422504179,0.002332401331157863,0.29275808936825887
2025-02,01.홈카메라_확장_MO@naver_powerlink,441452,30782,658,72,2604600,5.900075206364452,0.0213761289065038,0.1094224924012158
2025-02,01.홈카메라_확장_PC@naver_powerlink,122474,12342,168,30,894600,7.304407466074432,0.013612056392805057,0.17857142857142858
2025-02,01.홈캠_MO@naver_shoppingsearch,26314860,811816,14608,3004,66307720,2.51978235871291,0.017994225292430797,0.2056407447973713
2025-02,01.홈캠_PC@naver_shoppingsearch,2859252,235100,1860,270,6002020,2.0991574020058392,0.007911527009783072,0.14516129032258066
2025-02,02.로봇청소기_메인_MO@naver_powerlink,792594,763752,824,2,0,0.0,0.0010788842451476396,0.0024271844660194173
2025-02,02.로봇청소기_메인_PC@naver_powerlink,170808,631814,210,12,0,0.0,0.0003323763006201192,0.05714285714285714
2025-02,02.로봇청소기_확장_MO@naver_powerlink,119042,18802,268,2,0,0.0,0.01425380278693756,0.007462686567164179
2025-02,02.로봇청소기_확장_PC@naver_powerlink,180532,28300,140,14,1828000,10.125628697405446,0.0049469964664310955,0.1
2025-02,02.커튼_MO@naver_shoppingsearch,506330,139686,726,4,31800,0.06280489009144234,0.005197371246939564,0.005509641873278237
2025-02,02.커튼_PC@naver_shoppingsearch,642796,139066,498,4,169600,0.263847317033709,0.0035810334661239987,0.008032128514056224
2025-02,03.반려_메인_MO@naver_powerlink,1576982,126120,1432,270,2760800,1.750685803642654,0.011354265778623533,0.18854748603351956
2025-02,03.반려_메인_PC@naver_powerlink,188122,61632,226,18,645800,3.432878663845802,0.003666926272066459,0.07964601769911504
2025-02,03.반려_확장_MO@naver_powerlink,759264,40928,816,196,4305000,5.669964597294221,0.0199374511336982,0.24019607843137256
2025-02,03.반려_확장_PC@naver_powerlink,212608,20382,210,22,727800,3.4232013847080074,0.010303208713570797,0.10476190476190476
2025-02,03.조명_MO@naver_shoppingsearch,1028280,214566,1208,112,2475600,2.4075154627144357,0.005629969333445187,0.09271523178807947
2025-02,03.조명_PC@naver_shoppingsearch,301972,217946,336,70,1111200,3.679811373239903,0.0015416662843089574,0.20833333333333334
2025-02,04.리모컨허브_메인_MO@naver_powerlink,25300,33928,96,10,79400,3.1383399209486167,0.0028295213393067674,0.10416666666666667
2025-02,04.리모컨허브_메인_PC@naver_powerlink,7414,29550,40,2,39800,5.36822228216887,0.0013536379018612521,0.05
2025-02,04.센서_PC@naver_shoppingsearch,381172,70766,486,22,59800,0.15688455605343518,0.006867704830003108,0.04526748971193416
2025-02,05.전원_MO@naver_shoppingsearch,1747262,106732,2196,632,9987780,5.716246332833885,0.02057489787505153,0.2877959927140255
2025-02,05.전원_PC@naver_shoppingsearch,756426,68746,698,90,1803200,2.3838419091887375,0.010153318011229744,0.12893982808022922
2025-02,05.커튼set_메인_MO@naver_powerlink,4745840,384464,3408,298,5201800,1.096075721052543,0.00886428898414416,0.08744131455399061
2025-02,05.커튼set_메인_PC@naver_powerlink,810766,126880,584,40,1108200,1.3668555415495962,0.004602774274905423,0.0684931506849315
2025-02,05.커튼set_확장_MO@naver_powerlink,32604,2896,94,4,0,0.0,0.0324585635359116,0.0425531914893617
2025-02,05.커튼set_확장_PC@naver_powerlink,28776,1288,46,0,0,0.0,0.03571428571428571,0.0
2025-02,06.멀티탭_메인_MO@naver_powerlink,64064,81168,86,0,0,0.0,0.0010595308495958999,0.0
2025-02,06.멀티탭_메인_PC@naver_powerlink,248424,243498,290,40,269200,1.0836312111551218,0.0011909748745369572,0.13793103448275862
2025-02,07.반려_MO@naver_shoppingsearch,4828912,245010,3100,604,15686600,3.2484750188034073,0.012652544794090037,0.19483870967741934
2025-02,07.반려_PC@naver_shoppingsearch,662024,481948,470,54,848000,1.2809203291723563,0.0009752089437034701,0.1148936170212766
2025-02,08.리빙_MO@naver_shoppingsearch,150106,46560,322,70,1516200,10.10086205747938,0.006915807560137457,0.21739130434782608
2025-02,08.리빙_PC@naver_shoppingsearch,7304,7018,14,0,0,0.0,0.001994870333428327,0.0
2025-02,08.전원_메인_MO@naver_powerlink,68992,10738,168,2,99600,1.4436456400742115,0.01564537157757497,0.011904761904761904
2025-02,08.전원_메인_PC@naver_powerlink,33242,16530,88,20,213400,6.41958967571145,0.005323653962492438,0.22727272727272727
2025-02,08.전원_확장_MO@naver_powerlink,2948,1108,10,0,0,0.0,0.009025270758122744,0.0
2025-02,08.전원_확장_PC@naver_powerlink,4862,648,20,0,0,0.0,0.030864197530864196,0.0
2025-02,09.로청_MO@naver_shoppingbrand,32340,20820,98,0,0,0.0,0.004707012487992315,0.0
2025-02,09.로청_PC@naver_shoppingbrand,7722,12890,22,0,0,0.0,0.0017067494181536075,0.0
2025-02,09.센서_메인_MO@naver_powerlink,31548,4084,88,56,514400,16.305312539622165,0.021547502448579822,0.6363636363636364
2025-02,09.센서_메인_PC@naver_powerlink,15114,2716,38,22,0,0.0,0.013991163475699559,0.5789473684210527
2025-02,09.센서_확장_MO@naver_powerlink,15532,12216,58,0,0,0.0,0.004747871643745907,0.0
2025-02,09.센서_확장_PC@naver_powerlink,2992,5648,14,2,0,0.0,0.002478753541076487,0.14285714285714285
2025-03,00.브랜드_MO@naver_powerlink,473220,52436,751,212,3734420,7.8915092346054685,0.014322221374628118,0.2822902796271638
2025-03,00.브랜드_PC@naver_powerlink,300839,22118,603,249,4114700,13.677415494666583,0.027262862826657023,0.4129353233830846
2025-03,00.브랜드형@naver_shoppingbrand,8756,1057,26,14,104800,11.968935587026039,0.02459791863765374,0.5384615384615384
2025-03,00.자상호_MO@naver_shoppingsearch,12829036,281869,8116,3146,61523280,4.795627668361052,0.0287935175560278,0.3876293740758995
2025-03,00.자상호_PC@naver_shoppingsearch,1427613,31153,1121,520,8700920,6.094732956340409,0.035983693384264756,0.463871543264942
2025-03,01.브랜드형_쇼검@naver_shoppingbrand,425590,331157,618,62,1160170,2.7260273972602738,0.0018661843174083593,0.10032362459546926
2025-03,01.신규 자사명@naver_brandsearch,0,70320,26371,13011,214176120,0.0,0.375014220705347,0.4933828827120701
2025-03,01.펫_MO@naver_shoppingbrand,128755,138737,246,17,277100,2.152149431090055,0.0017731391049251462,0.06910569105691057
2025-03,01.펫_PC@naver_shoppingbrand,990,50398,3,0,0,0.0,5.952617167347911e-05,0.0
2025-03,01.홈카메라_메인_MO@naver_powerlink,1027356,86129,682,113,1966030,1.913679386697503,0.007918355025601133,0.1656891495601173
2025-03,01.홈카메라_메인_PC@naver_powerlink,58828,28652,68,2,0,0.0,0.002373307273488762,0.029411764705882353
2025-03,01.홈카메라_쿠팡_MO@naver_powerlink,2756655,463019,2445,391,8243470,2.9903887138579184,0.005280560840915815,0.15991820040899796
2025-03,01.홈카메라_쿠팡_PC@naver_powerlink,677567,337978,684,64,1560900,2.303683620955566,0.0020238003657042764,0.0935672514619883
2025-03,01.홈카메라_확장_MO@naver_powerlink,298342,19207,352,53,963500,3.2295151202311443,0.01832665174155256,0.15056818181818182
2025-03,01.홈카메라_확장_PC@naver_powerlink,70367,9382,104,4,292900,4.162462517941648,0.011085056491153272,0.038461538461538464
2025-03,01.홈캠_MO@naver_shoppingsearch,14187272,405865,7679,1650,35751970,2.5200031408434262,0.018920084264472177,0.214871728089595
2025-03,01.홈캠_PC@naver_shoppingsearch,2242207,262623,1344,259,6229060,2.7780931912174034,0.00511760203790224,0.19270833333333334
2025-03,02.로봇청소기_메인_MO@naver_powerlink,404382,317559,409,1,9400,0.023245347221191842,0.0012879496408541404,0.0024449877750611247
2025-03,02.로봇청소기_메인_PC@naver_powerlink,79376,465329,89,6,52600,0.6626688167708124,0.0001912625260836956,0.06741573033707865
2025-03,02.로봇청소기_확장_MO@naver_powerlink,28006,6898,69,1,0,0.0,0.010002899391127864,0.014492753623188406
2025-03,02.로봇청소기_확장_PC@naver_powerlink,155089,13375,99,1,699000,4.507089477654766,0.007401869158878504,0.010101010101010102
2025-03,02.커튼_MO@naver_shoppingsearch,323884,23918,444,3,416900,1.2871892405923109,0.018563425035538088,0.006756756756756757
2025-03,02.커튼_PC@naver_shoppingsearch,379247,64222,277,16,308000,0.8121356266496504,0.00431316371336925,0.05776173285198556
2025-03,03.반려_메인_MO@naver_powerlink,762905,64716,762,114,2219400,2.9091433402586167,0.011774522529204525,0.14960629921259844
2025-03,03.반려_메인_PC@naver_powerlink,78782,50018,89,5,47800,0.6067375796501739,0.0017793594306049821,0.056179775280898875
2025-03,03.반려_확장_MO@naver_powerlink,318483,25339,387,119,2357400,7.401964940043896,0.01527289948301038,0.30749354005167956
2025-03,03.반려_확장_PC@naver_powerlink,99121,22485,126,45,621600,6.271123172687927,0.005603735823882588,0.35714285714285715
2025-03,03.조명_MO@naver_shoppingsearch,830357,114474,939,93,2100300,2.5293939835516532,0.008202735992452435,0.09904153354632587
2025-03,03.조명_PC@naver_shoppingsearch,226050,180413,242,59,300090,1.3275381552753815,0.0013413667529501754,0.24380165289256198
2025-03,04.리모컨허브_메인_MO@naver_powerlink,16885,23728,64,18,161290,9.552265324252295,0.0026972353337828725,0.28125
2025-03,04.리모컨허브_메인_PC@naver_powerlink,2596,22229,9,1,30200,11.633281972265022,0.0004048765126636376,0.1111111111111111
2025-03,04.센서_PC@naver_shoppingsearch,359172,58855,478,36,645600,1.7974675086031204,0.008121654914620679,0.07531380753138076
2025-03,05.전원_MO@naver_shoppingsearch,1393007,103493,1684,211,3607300,2.589577798245091,0.016271631897809512,0.12529691211401425
2025-03,05.전원_PC@naver_shoppingsearch,464563,71662,460,82,1114500,2.3990287646670096,0.006419022634031983,0.1782608695652174
2025-03,05.커튼set_메인_MO@naver_powerlink,1092630,42554,712,260,5424900,4.964992723977925,0.016731682098040136,0.3651685393258427
2025-03,05.커튼set_메인_PC@naver_powerlink,372119,65640,253,46,1459300,3.921594973650902,0.003854357099329677,0.18181818181818182
2025-03,05.커튼set_확장_MO@naver_powerlink,6622,1241,23,0,0,0.0,0.018533440773569703,0.0
2025-03,05.커튼set_확장_PC@naver_powerlink,10681,706,18,0,0,0.0,0.025495750708215296,0.0
2025-03,06.멀티탭_메인_MO@naver_powerlink,35816,54976,57,0,0,0.0,0.0010368160651920838,0.0
2025-03,06.멀티탭_메인_PC@naver_powerlink,50105,40072,64,19,441000,8.801516814689153,0.001597125174685566,0.296875
2025-03,07.반려_MO@naver_shoppingsearch,2270884,242887,1453,280,7900200,3.4789095347890955,0.005982205717061844,0.19270474879559532
2025-03,07.반려_PC@naver_shoppingsearch,328317,300887,242,38,513000,1.5625142773599905,0.0008042886532153267,0.15702479338842976
2025-03,08.리빙_MO@naver_shoppingsearch,214137,35032,380,103,904900,4.22579937143044,0.010847225393925554,0.2710526315789474
2025-03,08.리빙_PC@naver_shoppingsearch,30030,13776,45,5,44900,1.4951714951714952,0.0032665505226480837,0.1111111111111111
2025-03,08.전원_메인_MO@naver_powerlink,36410,8101,85,15,63700,1.7495193628124142,0.010492531786199235,0.17647058823529413
2025-03,08.전원_메인_PC@naver_powerlink,13805,6049,34,7,68800,4.983701557406737,0.005620763762605389,0.20588235294117646
2025-03,08.전원_확장_MO@naver_powerlink,2156,531,9,0,0,0.0,0.01694915254237288,0.0
2025-03,08.전원_확장_PC@naver_powerlink,2464,286,8,0,0,0.0,0.027972027972027972,0.0
2025-03,09.로청_MO@naver_shoppingbrand,1650,1064,5,0,0,0.0,0.004699248120300752,0.0
2025-03,09.로청_PC@naver_shoppingbrand,4554,14033,13,0,0,0.0,0.0009263878001852776,0.0
2025-03,09.센서_메인_MO@naver_powerlink,11781,1666,30,3,149500,12.689924454630336,0.01800720288115246,0.1
2025-03,09.센서_메인_PC@naver_powerlink,5324,1284,13,0,0,0.0,0.010124610591900311,0.0
2025-03,09.센서_확장_MO@naver_powerlink,7612,4992,26,1,0,0.0,0.005208333333333333,0.038461538461538464
2025-03,09.센서_확장_PC@naver_powerlink,1573,4850,8,0,0,0.0,0.0016494845360824743,0.0
2025-03,신제품_TEST,0,1571,239,0,0,,0.15213239974538512,0.0
2025-04,00.브랜드_MO@naver_powerlink,358336,48588,658,226,4654900,12.990321932487944,0.01354243846217173,0.3434650455927052
2025-04,00.브랜드_PC@naver_powerlink,354838,24446,619,250,4912050,13.843077686155372,0.025321115928986337,0.40387722132471726
2025-04,00.브랜드형@naver_shoppingbrand,1012,357,3,0,0,0.0,0.008403361344537815,0.0
2025-04,00.자상호_MO@naver_shoppingsearch,12988448,267102,7175,2567,55422950,4.2670956529987265,0.02686239713667438,0.3577700348432056
2025-04,00.자상호_PC@naver_shoppingsearch,1825164,54667,1070,362,7291300,3.9948738853056494,0.019573051383833025,0.3383177570093458
2025-04,01.브랜드형_쇼검@naver_shoppingbrand,182853,182905,234,14,539700,2.951551246082919,0.0012793526694185506,0.05982905982905983
2025-04,01.신규 자사명@naver_brandsearch,0,65839,23890,10569,176076170,0.0,0.3628548428742842,0.44240267894516533
2025-04,01.펫_MO@naver_shoppingbrand,58487,72648,99,1,205400,3.511891531451434,0.0013627353815659068,0.010101010101010102
2025-04,01.펫_PC@naver_shoppingbrand,726,57354,2,0,0,0.0,3.48711510966977e-05,0.0
2025-04,01.홈카메라_메인_MO@naver_powerlink,1046045,56358,671,132,2643500,2.5271379338364985,0.01190602931260868,0.19672131147540983
2025-04,01.홈카메라_메인_PC@naver_powerlink,67529,22738,74,2,223300,3.30672748004561,0.003254463893042484,0.02702702702702703
2025-04,01.홈카메라_쿠팡_MO@naver_powerlink,2435664,420832,1998,239,5130130,2.106255214183894,0.004747737814614858,0.11961961961961962
2025-04,01.홈카메라_쿠팡_PC@naver_powerlink,706519,400786,678,103,2218520,3.140071250737772,0.0016916758569411106,0.15191740412979352
2025-04,01.홈카메라_확장_MO@naver_powerlink,279961,18306,309,43,1321800,4.721371905372534,0.016879711569977057,0.13915857605177995
2025-04,01.홈카메라_확장_PC@naver_powerlink,82830,9869,99,13,263900,3.1860437039719907,0.01003141149052589,0.13131313131313133
2025-04,01.홈캠_MO@naver_shoppingsearch,15585339,398983,7894,1616,39600540,2.5408840962650863,0.019785304135765184,0.20471243982771725
2025-04,01.홈캠_PC@naver_shoppingsearch,3419471,223633,1775,282,8666830,2.5345528591995663,0.007937111249234236,0.1588732394366197
2025-04,02.로봇청소기_메인_MO@naver_powerlink,356323,275176,377,3,0,0.0,0.001370032270256127,0.007957559681697613
2025-04,02.로봇청소기_메인_PC@naver_powerlink,67529,579402,72,0,0,0.0,0.00012426605362080213,0.0
2025-04,02.로봇청소기_확장_MO@naver_powerlink,25542,7353,58,0,0,0.0,0.007887936896504829,0.0
2025-04,02.로봇청소기_확장_PC@naver_powerlink,97856,12927,67,1,0,0.0,0.005182950413862459,0.014925373134328358
2025-04,02.커튼_MO@naver_shoppingsearch,188903,16287,274,1,0,0.0,0.016823233253515073,0.0036496350364963502
2025-04,02.커튼_PC@naver_shoppingsearch,259589,21314,181,14,1047900,4.0367658105697855,0.008492070939288731,0.07734806629834254
2025-04,03.반려_메인_MO@naver_powerlink,519926,50578,559,13,452200,0.869739155187469,0.011052236150104788,0.023255813953488372
2025-04,03.반려_메인_PC@naver_powerlink,71907,55133,94,7,211000,2.9343457521520855,0.0017049679865053598,0.07446808510638298
2025-04,03.반려_확장_MO@naver_powerlink,280863,22106,307,17,547700,1.950061061798813,0.013887632317018004,0.05537459283387622
2025-04,03.반려_확장_PC@naver_powerlink,135256,26545,143,12,147800,1.0927426509729699,0.005387078545865512,0.08391608391608392
2025-04,03.조명_MO@naver_shoppingsearch,672606,119066,749,84,1858000,2.762389868660107,0.006290628726924563,0.11214953271028037
2025-04,03.조명_PC@naver_shoppingsearch,217976,145646,228,34,1280300,5.873582412742687,0.001565439490270931,0.14912280701754385
2025-04,04.리모컨허브_메인_MO@naver_powerlink,87318,37626,122,3,16900,0.19354543164066973,0.003242438739169723,0.02459016393442623
2025-04,04.리모컨허브_메인_PC@naver_powerlink,9273,22953,24,0,0,0.0,0.0010456149522938179,0.0
2025-04,04.리모컨허브_확장_MO@naver_powerlink,781,427,2,0,0,0.0,0.00468384074941452,0.0
2025-04,04.리모컨허브_확장_PC@naver_powerlink,6677,251,4,0,0,0.0,0.01593625498007968,0.0
2025-04,04.센서_PC@naver_shoppingsearch,370337,66977,515,104,1180880,3.1886632985632004,0.0076892067426131356,0.20194174757281552
2025-04,05.전원_MO@naver_shoppingsearch,1284239,112461,1913,347,5259200,4.095187889481631,0.01701034136278354,0.18139048614741243
2025-04,05.전원_PC@naver_shoppingsearch,495594,82895,613,84,2668400,5.384245975536427,0.007394897159056638,0.1370309951060359
2025-04,05.커튼set_메인_MO@naver_powerlink,2473625,65566,1136,173,8111600,3.2792359391581183,0.01732605313729677,0.1522887323943662
2025-04,05.커튼set_메인_PC@naver_powerlink,307241,55671,259,18,0,0.0,0.004652332453162328,0.0694980694980695
2025-04,05.커튼set_확장_MO@naver_powerlink,5940,1970,21,3,515000,86.7003367003367,0.01065989847715736,0.14285714285714285
2025-04,05.커튼set_확장_PC@naver_powerlink,6919,762,12,1,0,0.0,0.015748031496062992,0.08333333333333333
2025-04,06.멀티탭_메인_MO@naver_powerlink,23386,61840,36,0,0,0.0,0.0005821474773609315,0.0
2025-04,06.멀티탭_메인_PC@naver_powerlink,41250,50835,50,2,0,0.0,0.000983574309039048,0.04
2025-04,07.MO_new전환@naver_powerlink,9119,831,11,0,0,0.0,0.013237063778580024,0.0
2025-04,07.PC_new전환@naver_powerlink,2398,689,3,0,0,0.0,0.0043541364296081275,0.0
2025-04,07.반려_MO@naver_shoppingsearch,1168651,363135,1026,120,3002700,2.5693727211973463,0.002825395514065017,0.11695906432748537
2025-04,07.반려_PC@naver_shoppingsearch,148786,181616,146,27,1010300,6.790289408949767,0.0008038939300502158,0.18493150684931506
2025-04,08.리빙_MO@naver_shoppingsearch,732622,70641,747,135,1079990,1.4741435556125806,0.010574595489871321,0.18072289156626506
2025-04,08.리빙_PC@naver_shoppingsearch,234883,53830,265,54,467300,1.989501155894637,0.00492290544306149,0.2037735849056604
2025-04,08.전원_메인_MO@naver_powerlink,220979,42992,272,15,180500,0.8168196977993384,0.006326758466691477,0.05514705882352941
2025-04,08.전원_메인_PC@naver_powerlink,117975,24197,154,23,382700,3.2439076075439712,0.006364425341984544,0.14935064935064934
2025-04,08.전원_확장_MO@naver_powerlink,836,392,6,0,0,0.0,0.015306122448979591,0.0
2025-04,08.전원_확장_PC@naver_powerlink,1397,379,4,0,0,0.0,0.010554089709762533,0.0
2025-04,09.로청_MO@naver_shoppingbrand,330,138,1,0,0,0.0,0.007246376811594203,0.0
2025-04,09.로청_PC@naver_shoppingbrand,671,1462,2,0,0,0.0,0.0013679890560875513,0.0
2025-04,09.센서_메인_MO@naver_powerlink,14355,1360,27,11,59800,4.165795889933821,0.019852941176470587,0.4074074074074074
2025-04,09.센서_메인_PC@naver_powerlink,10890,2476,30,0,0,0.0,0.012116316639741519,0.0
2025-04,09.센서_확장_MO@naver_powerlink,9471,4537,28,1,29900,3.157005596029986,0.006171478950848578,0.03571428571428571
2025-04,09.센서_확장_PC@naver_powerlink,704,1455,3,0,0,0.0,0.002061855670103093,0.0
2025-05,00.브랜드_MO@naver_powerlink,507364,52636,777,231,4730310,9.323306344163164,0.01476176001215898,0.2972972972972973
2025-05,00.브랜드_PC@naver_powerlink,309331,21556,523,130,4426610,14.310269581774863,0.02426238634254964,0.248565965583174
2025-05,00.브랜드형@naver_shoppingbrand,1320,114,4,0,0,0.0,0.03508771929824561,0.0
2025-05,00.자상호_MO@naver_shoppingsearch,16788827,310179,8178,2734,48665690,2.8986950666654674,0.026365421256758195,0.3343115676204451
2025-05,00.자상호_PC@naver_shoppingsearch,3952938,78578,1887,513,11149700,2.8206108975147095,0.02401435516302273,0.2718600953895072
2025-05,01.브랜드형_쇼검@naver_shoppingbrand,309309,471571,466,10,875600,2.8308261317970054,0.0009881862964431654,0.02145922746781116
2025-05,01.신규 자사명@naver_brandsearch,0,67367,23879,10296,172082100,0.0,0.35446138316980125,0.43117383475019894
2025-05,01.펫_MO@naver_shoppingbrand,236412,173037,347,4,200000,0.8459807454782329,0.0020053514566248836,0.011527377521613832
2025-05,01.펫_PC@naver_shoppingbrand,671,33535,2,0,0,0.0,5.963918294319368e-05,0.0
2025-05,01.홈카메라_메인_MO@naver_powerlink,1131779,51915,723,128,1550370,1.3698522414711707,0.013926610806125398,0.17704011065006917
2025-05,01.홈카메라_메인_PC@naver_powerlink,68277,12004,87,4,303400,4.443663312682163,0.00724758413862046,0.04597701149425287
2025-05,01.홈카메라_쿠팡_MO@naver_powerlink,3466254,403427,2533,377,7727420,2.2293288374135307,0.006278707176267329,0.14883537307540465
2025-05,01.홈카메라_쿠팡_PC@naver_powerlink,722106,273399,553,129,881610,1.2208872381617104,0.002022684794018998,0.2332730560578662
2025-05,01.홈카메라_확장_MO@naver_powerlink,336809,24470,420,17,1158500,3.439634926620132,0.0171638741315897,0.04047619047619048
2025-05,01.홈카메라_확장_PC@naver_powerlink,81334,8254,114,21,381600,4.691764821599823,0.013811485340440998,0.18421052631578946
2025-05,01.홈캠_MO@naver_shoppingsearch,14190319,293769,6954,1534,33702200,2.3750135567776876,0.023671660386221826,0.22059246476847857
2025-05,01.홈캠_PC@naver_shoppingsearch,2060718,83957,1179,224,6800690,3.3001555768426343,0.014042902914587228,0.18999151823579305
2025-05,02.로봇청소기_메인_MO@naver_powerlink,21692,7842,22,0,0,0.0,0.0028054067839836778,0.0
2025-05,02.로봇청소기_메인_PC@naver_powerlink,1595,26483,2,0,0,0.0,7.55201449986784e-05,0.0
2025-05,02.로봇청소기_확장_MO@naver_powerlink,495,386,2,0,0,0.0,0.0051813471502590676,0.0
2025-05,02.로봇청소기_확장_PC@naver_powerlink,2915,438,4,0,0,0.0,0.0091324200913242,0.0
2025-05,02.커튼_MO@naver_shoppingsearch,299728,30142,420,2,253900,0.8471013719105323,0.013934045517882025,0.004761904761904762
2025-05,02.커튼_PC@naver_shoppingsearch,437228,51469,378,13,1837900,4.203527678922668,0.007344226621850046,0.03439153439153439
2025-05,03.반려_메인_MO@naver_powerlink,619102,55163,723,48,1011600,1.6339795381051911,0.013106611315555716,0.06639004149377593
2025-05,03.반려_메인_PC@naver_powerlink,84359,22821,116,14,232200,2.752521959719769,0.005083037553130889,0.1206896551724138
2025-05,03.반려_확장_MO@naver_powerlink,202301,22720,273,1,0,0.0,0.012015845070422535,0.003663003663003663
2025-05,03.반려_확장_PC@naver_powerlink,101750,12489,108,1,57700,0.567076167076167,0.008647609896709103,0.009259259259259259
2025-05,03.조명_MO@naver_shoppingsearch,913759,184678,948,75,1409000,1.541982076236732,0.005133258969666122,0.07911392405063292
2025-05,03.조명_PC@naver_shoppingsearch,264924,195928,283,17,343900,1.298108136673159,0.0014444081499326283,0.06007067137809187
2025-05,04.리모컨허브_메인_MO@naver_powerlink,191169,37197,144,16,180500,0.9441907422228499,0.0038712799419308008,0.1111111111111111
2025-05,04.리모컨허브_메인_PC@naver_powerlink,10120,16996,22,0,0,0.0,0.0012944222169922334,0.0
2025-05,04.리모컨허브_확장_MO@naver_powerlink,53504,12506,97,21,143600,2.6839114832535884,0.007756276987046218,0.21649484536082475
2025-05,04.리모컨허브_확장_PC@naver_powerlink,73051,3980,42,7,42800,0.5858920480212454,0.010552763819095477,0.16666666666666666
2025-05,04.센서_PC@naver_shoppingsearch,435083,57961,600,46,538190,1.23698236888134,0.01035178827142389,0.07666666666666666
2025-05,05.전원_MO@naver_shoppingsearch,1399178,199290,1592,187,4853500,3.4688224085856123,0.00798835867329018,0.11746231155778894
2025-05,05.전원_PC@naver_shoppingsearch,500720,47225,546,68,2187600,4.368908771369228,0.011561672842773955,0.12454212454212454
2025-05,05.커튼set_메인_MO@naver_powerlink,3311935,84604,1507,67,2358300,0.7120610760778819,0.017812396576993995,0.04445919044459191
2025-05,05.커튼set_메인_PC@naver_powerlink,285439,42471,263,43,2511000,8.796975886266418,0.006192460737915283,0.1634980988593156
2025-05,05.커튼set_확장_MO@naver_powerlink,24475,3240,65,8,598600,24.457609805924413,0.020061728395061727,0.12307692307692308
2025-05,05.커튼set_확장_PC@naver_powerlink,10659,3782,17,0,0,0.0,0.004494976203067161,0.0
2025-05,06.멀티탭_메인_MO@naver_powerlink,186901,75948,179,2,0,0.0,0.002356875757096961,0.0111731843575419
2025-05,06.멀티탭_메인_PC@naver_powerlink,25971,37960,36,4,84100,3.23822725347503,0.0009483667017913594,0.1111111111111111
2025-05,07.MO_new전환@naver_powerlink,221782,35793,249,5,93300,0.42068337376342535,0.006956667504819378,0.020080321285140562
2025-05,07.PC_new전환@naver_powerlink,91432,11360,105,8,49900,0.5457607839706011,0.009242957746478873,0.0761904761904762
2025-05,07.반려_MO@naver_shoppingsearch,1132659,508096,1151,112,3059200,2.70090115383359,0.002265319939538985,0.09730668983492616
2025-05,07.반려_PC@naver_shoppingsearch,152999,227918,176,17,208700,1.3640612030143988,0.000772207548328785,0.09659090909090909
2025-05,08.리빙_MO@naver_shoppingsearch,709995,69586,761,104,1343300,1.891985154825034,0.010936107837783463,0.1366622864651774
2025-05,08.리빙_PC@naver_shoppingsearch,323829,56717,366,75,927400,2.8638571591796906,0.006453091665638168,0.20491803278688525
2025-05,08.전원_메인_MO@naver_powerlink,259776,42325,316,9,323300,1.2445337521557034,0.0074660366213821616,0.028481012658227847
2025-05,08.전원_메인_PC@naver_powerlink,90123,21385,119,3,15900,0.1764255517459472,0.005564648117839607,0.025210084033613446
2025-05,08.전원_확장_MO@naver_powerlink,2486,506,8,2,31800,12.791633145615446,0.015810276679841896,0.25
2025-05,08.전원_확장_PC@naver_powerlink,2013,232,5,0,0,0.0,0.021551724137931036,0.0
2025-05,09.센서_메인_MO@naver_powerlink,17347,1618,35,7,111600,6.433389058626852,0.021631644004944377,0.2
2025-05,09.센서_메인_PC@naver_powerlink,13915,1858,34,1,29900,2.1487603305785123,0.01829924650161464,0.029411764705882353
2025-05,09.센서_확장_MO@naver_powerlink,7381,5252,21,1,59800,8.101883213656686,0.003998476770753999,0.047619047619047616
2025-05,09.센서_확장_PC@naver_powerlink,891,1187,2,0,0,0.0,0.0016849199663016006,0.0
2025-06,00.브랜드_MO@naver_powerlink,1248643,57579,1592,478,8407550,6.733349724460875,0.027648969242258462,0.30025125628140703
2025-06,00.브랜드_PC@naver_powerlink,387068,20579,691,244,4232900,10.935804561472402,0.03357791923805822,0.35311143270622286
2025-06,00.브랜드형@naver_shoppingbrand,0,3,0,0,0,,0.0,
2025-06,00.자상호_MO@naver_shoppingsearch,14255582,280476,7194,2472,53981160,3.7866682679107733,0.025649253412056646,0.34361968306922436
2025-06,00.자상호_PC@naver_shoppingsearch,3711158,76610,1737,556,13652360,3.6787331609163503,0.022673280250620022,0.3200921128382268
2025-06,01.브랜드형_쇼검@naver_shoppingbrand,315238,429145,540,13,2944540,9.340688622564539,0.0012583159538151441,0.024074074074074074
2025-06,01.신규 자사명@naver_brandsearch,0,72606,23216,9128,152210900,0.0,0.31975318844172657,0.39317711922811854
2025-06,01.음처기_MO@naver_shoppingbrand,562485,306183,223,0,0,0.0,0.0007283226044555054,0.0
2025-06,01.음처기_PC@naver_shoppingbrand,12694,32533,4,0,0,0.0,0.00012295207942704332,0.0
2025-06,01.펫_MO@naver_shoppingbrand,241560,156277,401,5,144300,0.5973671137605564,0.0025659566026990537,0.012468827930174564
2025-06,01.펫_PC@naver_shoppingbrand,2343,17877,6,0,0,0.0,0.0003356267830172848,0.0
2025-06,01.홈카메라_메인_MO@naver_powerlink,1436424,50336,953,140,2639100,1.837270889375282,0.018932771773680863,0.14690451206715635
2025-06,01.홈카메라_메인_PC@naver_powerlink,57145,12415,70,8,141500,2.476157144107096,0.005638340716874748,0.11428571428571428
2025-06,01.홈카메라_쿠팡_MO@naver_powerlink,3521694,366147,2930,439,9936770,2.8215881334380555,0.008002250462246037,0.14982935153583618
2025-06,01.홈카메라_쿠팡_PC@naver_powerlink,1073391,254620,758,87,2084290,1.941780767679252,0.0029769853114445057,0.11477572559366754
2025-06,01.홈카메라_확장_MO@naver_powerlink,335258,21577,377,32,1201500,3.5838070978172034,0.017472308476618622,0.08488063660477453
2025-06,01.홈카메라_확장_PC@naver_powerlink,96008,7302,100,26,392000,4.082993083909674,0.013694878115584772,0.26
2025-06,01.홈캠_MO@naver_shoppingsearch,10452277,950810,5471,1421,37425120,3.5805710085945868,0.0057540412911096855,0.25973313836592943
2025-06,01.홈캠_PC@naver_shoppingsearch,2297251,262988,1606,287,12367570,5.383638966747648,0.006106742512966371,0.17870485678704856
2025-06,02.로봇청소기_메인_MO@naver_powerlink,686279,40634,287,9,0,0.0,0.007063050647241226,0.0313588850174216
2025-06,02.로봇청소기_메인_PC@naver_powerlink,388674,44927,193,0,0,0.0,0.004295857724753489,0.0
2025-06,02.커튼_MO@naver_shoppingsearch,305701,30538,463,4,940900,3.077844037147409,0.015161438208134127,0.008639308855291577
2025-06,02.커튼_PC@naver_shoppingsearch,300971,26010,251,1,229000,0.7608706486671474,0.009650134563629374,0.00398406374501992
2025-06,03.반려_메인_MO@naver_powerlink,878064,60598,860,53,935700,1.0656398622423877,0.014191887521040298,0.06162790697674419
2025-06,03.반려_메인_PC@naver_powerlink,85426,19629,114,9,201000,2.3529136328518248,0.005807733455601406,0.07894736842105263
2025-06,03.반려_확장_MO@naver_powerlink,204226,18244,250,6,57700,0.2825301381802513,0.013703135277351458,0.024
2025-06,03.반려_확장_PC@naver_powerlink,112739,6872,95,2,338700,3.004284231721055,0.013824214202561117,0.021052631578947368
2025-06,03.조명_MO@naver_shoppingsearch,876458,174349,880,71,2361330,2.694173594171084,0.005047347561500209,0.08068181818181819
2025-06,03.조명_PC@naver_shoppingsearch,356202,261638,376,51,547300,1.5364877232581513,0.0014371001154266582,0.1356382978723404
2025-06,04.리모컨허브_메인_MO@naver_powerlink,478720,42564,329,82,775700,1.6203626336898396,0.007729536697678789,0.24924012158054712
2025-06,04.리모컨허브_메인_PC@naver_powerlink,13750,21628,28,3,62700,4.56,0.0012946180876641392,0.10714285714285714
2025-06,04.리모컨허브_확장_MO@naver_powerlink,158411,18633,199,19,208100,1.3136713990821345,0.01067997638598186,0.09547738693467336
2025-06,04.리모컨허브_확장_PC@naver_powerlink,115687,5604,79,11,84800,0.7330123522954178,0.01409707351891506,0.13924050632911392
2025-06,04.센서_PC@naver_shoppingsearch,469425,45007,616,99,2136940,4.5522500931991265,0.013686759837358634,0.16071428571428573
2025-06,05.전원_MO@naver_shoppingsearch,1764169,238310,1754,248,6608260,3.7458202700534926,0.00736016113465654,0.14139110604332952
2025-06,05.전원_PC@naver_shoppingsearch,346929,45878,365,79,1873500,5.400240395008777,0.007955882994027639,0.21643835616438356
2025-06,05.커튼set_메인_MO@naver_powerlink,3125540,77283,1358,46,1265100,0.40476205711653024,0.01757178163373575,0.033873343151693665
2025-06,05.커튼set_메인_PC@naver_powerlink,454377,31282,337,8,817700,1.7996069343298626,0.010772968480276196,0.02373887240356083
2025-06,05.커튼set_확장_MO@naver_powerlink,28534,3388,84,15,241100,8.44956893530525,0.024793388429752067,0.17857142857142858
2025-06,05.커튼set_확장_PC@naver_powerlink,11572,1157,19,0,0,0.0,0.016421780466724288,0.0
2025-06,06.멀티탭_메인_MO@naver_powerlink,327393,87625,382,1,59900,0.18296053977940885,0.004359486447931526,0.002617801047120419
2025-06,06.멀티탭_메인_PC@naver_powerlink,32890,29556,48,0,0,0.0,0.0016240357287860333,0.0
2025-06,07.MO_new전환@naver_powerlink,180598,28298,221,8,0,0.0,0.007809739204184042,0.03619909502262444
2025-06,07.PC_new전환@naver_powerlink,66715,11899,78,1,0,0.0,0.006555172703588537,0.01282051282051282
2025-06,07.반려_MO@naver_shoppingsearch,1523841,595331,1553,170,5122200,3.3613743166117724,0.002608632844585617,0.10946555054732775
2025-06,07.반려_PC@naver_shoppingsearch,202774,198544,222,32,1056900,5.212206693165791,0.0011181400596341365,0.14414414414414414
2025-06,08.리빙_MO@naver_shoppingsearch,592812,39985,766,231,2779900,4.689345020006343,0.019157183943978993,0.30156657963446476
2025-06,08.리빙_PC@naver_shoppingsearch,589765,84729,829,141,3547680,6.015412918704908,0.009784135301962728,0.1700844390832328
2025-06,08.전원_메인_MO@naver_powerlink,315579,39419,372,36,442500,1.4021845560065784,0.009437073492478246,0.0967741935483871
2025-06,08.전원_메인_PC@naver_powerlink,97328,20340,132,11,209800,2.155597566989972,0.006489675516224189,0.08333333333333333
2025-06,08.전원_확장_MO@naver_powerlink,3300,952,10,0,0,0.0,0.01050420168067227,0.0
2025-06,08.전원_확장_PC@naver_powerlink,2189,366,5,0,0,0.0,0.01366120218579235,0.0
2025-06,09.로청_MO@naver_shoppingbrand,731511,63384,276,6,1356000,1.8536973469981997,0.004354411207875805,0.021739130434782608
2025-06,09.로청_PC@naver_shoppingbrand,2244,830,1,0,0,0.0,0.0012048192771084338,0.0
2025-06,09.센서_메인_MO@naver_powerlink,62381,2428,90,19,495290,7.939757297895192,0.03706754530477759,0.2111111111111111
2025-06,09.센서_메인_PC@naver_powerlink,16192,1736,39,0,0,0.0,0.022465437788018433,0.0
2025-06,09.센서_확장_MO@naver_powerlink,8701,4717,35,1,0,0.0,0.007419970320118719,0.02857142857142857
2025-06,09.센서_확장_PC@naver_powerlink,2299,1168,5,0,0,0.0,0.004280821917808219,0.0
2025-06,음처기_MO@naver_powerlink,11337315,249481,3218,37,4400610,0.38815275045281883,0.012898777862843262,0.011497824735860782
2025-06,음처기_MO@naver_shoppingsearch,3595966,486065,1298,19,6287900,1.7485982904176514,0.0026704247374322366,0.014637904468412942
2025-06,음처기_PC@naver_powerlink,1674486,87284,482,10,2633400,1.5726617003665602,0.00552220338206315,0.02074688796680498
2025-06,음처기_PC@naver_shoppingsearch,668107,362166,315,5,1792300,2.682654125761293,0.000869766902470138,0.015873015873015872
2025-06,음처기공식몰MO@naver_shoppingsearch,12884300,857924,2857,94,10553400,0.8190899001109878,0.003330131806546967,0.03290164508225411
2025-06,음처기공식몰PC@naver_shoppingsearch,1315545,1002601,513,13,2513700,1.9107670205124112,0.0005116691485446354,0.025341130604288498
2025-07,00.브랜드_MO@naver_powerlink,1732566,78586,1997,696,10874900,6.276759442353134,0.02541165093019113,0.3485227841762644
2025-07,00.브랜드_PC@naver_powerlink,411499,24656,786,295,7671980,18.643982123893377,0.031878650227125244,0.3753180661577608
2025-07,00.브랜드형@naver_shoppingbrand,0,13,0,0,0,,0.0,
2025-07,00.자상호_MO@naver_shoppingsearch,13710763,274965,6595,3614,64146790,4.678571863579,0.023984870801738403,0.5479909021986353
2025-07,00.자상호_PC@naver_shoppingsearch,3603138,82759,1707,696,17546790,4.86986343570521,0.020626155463454126,0.4077328646748682
2025-07,01.브랜드형_쇼검@naver_shoppingbrand,278212,446911,506,13,966300,3.473250614639196,0.001132216481581344,0.025691699604743084
2025-07,01.신규 자사명@naver_brandsearch,0,87909,30551,14309,226334090,0.0,0.3475298319853485,0.46836437432489936
2025-07,01.음처기_MO@naver_shoppingbrand,1033967,538031,451,3,1077300,1.0419094613271023,0.0008382416626551259,0.0066518847006651885
2025-07,01.음처기_PC@naver_shoppingbrand,22539,58453,12,0,0,0.0,0.00020529314149829778,0.0
2025-07,01.펫_MO@naver_shoppingbrand,131769,123142,259,8,385700,2.927092108158975,0.0021032628997417614,0.03088803088803089
2025-07,01.펫_PC@naver_shoppingbrand,660,16329,2,0,0,0.0,0.0001224814746769551,0.0
2025-07,01.홈카메라_메인_MO@naver_powerlink,1673111,43957,1033,177,3760310,2.247495832613616,0.023500238869804582,0.1713455953533398
2025-07,01.홈카메라_메인_PC@naver_powerlink,61116,9305,67,16,0,0.0,0.007200429876410532,0.23880597014925373
2025-07,01.홈카메라_쿠팡_MO@naver_powerlink,3750098,351621,2837,592,9278920,2.4743140045940133,0.008068346316061896,0.20867113147691224
2025-07,01.홈카메라_쿠팡_PC@naver_powerlink,1241768,145406,981,134,1574100,1.267628091559776,0.006746626686656672,0.1365953109072375
2025-07,01.홈카메라_확장_MO@naver_powerlink,385352,21002,404,75,1557210,4.041006664037036,0.019236263213027332,0.18564356435643564
2025-07,01.홈카메라_확장_PC@naver_powerlink,82324,8399,94,26,234700,2.8509304698508333,0.011191808548636743,0.2765957446808511
2025-07,01.홈캠_MO@naver_shoppingsearch,9114787,240827,4800,1506,35857020,3.933939432704242,0.019931319993190134,0.31375
2025-07,01.홈캠_PC@naver_shoppingsearch,2193686,119431,1419,334,13605510,6.202122819765454,0.011881337341226315,0.23537702607470048
2025-07,02.로봇청소기_메인_MO@naver_powerlink,1225114,46395,396,0,0,0.0,0.008535402521823473,0.0
2025-07,02.로봇청소기_메인_PC@naver_powerlink,499433,50281,211,1,678000,1.3575394497360007,0.004196416141285973,0.004739336492890996
2025-07,02.커튼_MO@naver_shoppingsearch,481371,124109,789,33,3215900,6.680709889046079,0.006357314940898726,0.04182509505703422
2025-07,02.커튼_PC@naver_shoppingsearch,396693,35926,410,15,6071600,15.305538539878444,0.011412347603407003,0.036585365853658534
2025-07,03.반려_메인_MO@naver_powerlink,894476,61450,937,33,1308200,1.462532253520497,0.015248169243287226,0.035218783351120594
2025-07,03.반려_메인_PC@naver_powerlink,127457,18415,176,6,324400,2.5451720972563296,0.009557426011403747,0.03409090909090909
2025-07,03.반려_확장_MO@naver_powerlink,248875,15780,306,11,257500,1.0346559517830236,0.019391634980988594,0.03594771241830065
2025-07,03.반려_확장_PC@naver_powerlink,108438,6797,109,0,0,0.0,0.01603648668530234,0.0
2025-07,03.조명_MO@naver_shoppingsearch,644732,117319,641,90,1836700,2.8487805785969984,0.005463735626795319,0.14040561622464898
2025-07,03.조명_PC@naver_shoppingsearch,253517,63916,253,30,592200,2.3359380238800553,0.0039583202953876965,0.11857707509881422
2025-07,04.리모컨허브_메인_MO@naver_powerlink,734261,34656,399,79,845800,1.1519064746731749,0.011513157894736841,0.19799498746867167
2025-07,04.리모컨허브_메인_PC@naver_powerlink,24871,13049,51,22,339600,13.654456998110248,0.003908345467085601,0.43137254901960786
2025-07,04.리모컨허브_확장_MO@naver_powerlink,181082,21954,257,131,749050,4.136523784804674,0.011706294980413591,0.5097276264591439
2025-07,04.리모컨허브_확장_PC@naver_powerlink,122133,6572,106,9,157700,1.2912153144522773,0.016129032258064516,0.08490566037735849
2025-07,04.센서_MO@naver_shoppingsearch,818477,37081,793,157,2629530,3.2127109252917307,0.02138561527466897,0.19798234552332913
2025-07,04.센서_PC@naver_shoppingsearch,474980,33632,573,91,2522810,5.311402585372016,0.017037345385347288,0.15881326352530542
2025-07,05.전원_MO@naver_shoppingsearch,1636580,131465,1592,289,8974880,5.483923792298574,0.012109686988932415,0.1815326633165829
2025-07,05.전원_PC@naver_shoppingsearch,369479,36794,404,64,1445200,3.9114536956092225,0.010980051095287276,0.15841584158415842
2025-07,05.커튼set_메인_MO@naver_powerlink,3265328,72461,1430,253,4397100,1.3466028527608864,0.01973475386759774,0.17692307692307693
2025-07,05.커튼set_메인_PC@naver_powerlink,425392,17967,325,108,3280700,7.712180765035543,0.018088718205599152,0.3323076923076923
2025-07,05.커튼set_확장_MO@naver_powerlink,26521,4434,68,3,1260500,47.52837374156329,0.015336039693279206,0.04411764705882353
2025-07,05.커튼set_확장_PC@naver_powerlink,5346,717,7,1,0,0.0,0.009762900976290097,0.14285714285714285
2025-07,06.멀티탭_메인_MO@naver_powerlink,497376,95062,476,0,0,0.0,0.005007258420820096,0.0
2025-07,06.멀티탭_메인_PC@naver_powerlink,59213,36259,81,4,19900,0.33607484842855456,0.0022339281281888636,0.04938271604938271
2025-07,07.MO_new전환@naver_powerlink,191587,28527,220,19,84700,0.44209680197508183,0.007711992147789813,0.08636363636363636
2025-07,07.PC_new전환@naver_powerlink,57244,15808,66,0,0,0.0,0.004175101214574899,0.0
2025-07,07.반려_MO@naver_shoppingsearch,824956,205918,841,143,4207500,5.10027201450744,0.004084150001456891,0.1700356718192628
2025-07,07.반려_PC@naver_shoppingsearch,212938,153838,223,61,897700,4.215781119386864,0.0014495768275718612,0.273542600896861
2025-07,08.리빙_MO@naver_shoppingsearch,1383184,68507,1610,348,5085190,3.6764378419646264,0.023501248047644765,0.21614906832298136
2025-07,08.리빙_PC@naver_shoppingsearch,611985,63165,888,292,6704080,10.954647581231566,0.014058418427926858,0.32882882882882886
2025-07,08.전원_메인_MO@naver_powerlink,784586,73420,772,43,734780,0.9365193872947006,0.010514846090983384,0.05569948186528497
2025-07,08.전원_메인_PC@naver_powerlink,290059,45685,323,46,736500,2.539138589045677,0.007070154317609718,0.14241486068111456
2025-07,08.전원_확장_MO@naver_powerlink,3168,805,8,0,0,0.0,0.009937888198757764,0.0
2025-07,08.전원_확장_PC@naver_powerlink,1694,484,5,0,0,0.0,0.010330578512396695,0.0
2025-07,09.로청_MO@naver_shoppingbrand,155419,16162,48,0,0,0.0,0.0029699294641752257,0.0
2025-07,09.센서_메인_MO@naver_powerlink,167948,3919,159,22,357900,2.131016743277681,0.0405715743812197,0.13836477987421383
2025-07,09.센서_메인_PC@naver_powerlink,42130,3671,64,1,0,0.0,0.017433941705257423,0.015625
2025-07,09.센서_확장_MO@naver_powerlink,7876,3688,29,0,0,0.0,0.007863340563991324,0.0
2025-07,09.센서_확장_PC@naver_powerlink,660,945,3,0,0,0.0,0.0031746031746031746,0.0
2025-07,신제품검색#1@naver_cpp_fd471,0,3362,125,0,0,,0.037180249851279,0.0
2025-07,음처기_MO@naver_powerlink,9854636,263722,3139,90,7958310,0.8075701629162153,0.011902685403568909,0.028671551449506213
2025-07,음처기_MO@naver_shoppingsearch,8807282,735339,3536,85,28776130,3.2673110728145187,0.004808666478998122,0.02403846153846154
2025-07,음처기_PC@naver_powerlink,1425809,67180,457,7,1770510,1.241758187807764,0.006802619827329563,0.015317286652078774
2025-07,음처기_PC@naver_shoppingsearch,1392556,666719,832,16,5009900,3.597629107913793,0.0012479020396898844,0.019230769230769232
2025-07,음처기공식몰MO@naver_shoppingsearch,16945434,1542556,3884,164,14961000,0.8828927013613225,0.002517898863963448,0.042224510813594233
2025-07,음처기공식몰PC@naver_shoppingsearch,2347972,1331275,817,45,4399710,1.873834100236289,0.0006136973953540779,0.05507955936352509
2025-08,00.브랜드_MO@naver_powerlink,1544598,65839,1694,628,10507510,6.802747381519334,0.0257294308844302,0.3707201889020071
2025-08,00.브랜드_PC@naver_powerlink,294151,15547,663,321,7158270,24.3353583703608,0.042644883257220045,0.4841628959276018
2025-08,00.브랜드형@naver_shoppingbrand,0,2,0,0,0,,0.0,
2025-08,00.자상호_MO@naver_shoppingsearch,18272232,479967,8568,2686,56959630,3.1172781737885114,0.01785122727187494,0.3134920634920635
2025-08,00.자상호_PC@naver_shoppingsearch,3708463,119221,1789,408,11224200,3.0266447312538913,0.015005745632061465,0.22806036892118503
2025-08,01.브랜드형_쇼검@naver_shoppingbrand,243760,382136,444,5,482520,1.9794880210042665,0.0011618900077459333,0.01126126126126126
2025-08,01.신규 자사명@naver_brandsearch,0,84375,29269,13574,251769880,0.0,0.34689185185185184,0.4637671256277973
2025-08,01.음처기_MO@naver_shoppingbrand,944570,397149,404,2,733410,0.7764485427231439,0.001017250452600913,0.0049504950495049506
2025-08,01.음처기_PC@naver_shoppingbrand,18227,53584,11,0,0,0.0,0.00020528515974917885,0.0
2025-08,01.펫_MO@naver_shoppingbrand,78606,77071,176,5,140210,1.7837060784164058,0.002283608620622543,0.028409090909090908
2025-08,01.펫_PC@naver_shoppingbrand,660,8254,2,0,0,0.0,0.000242306760358614,0.0
2025-08,01.홈카메라_메인_MO@naver_powerlink,1770626,51804,1121,212,3918420,2.2130139284072414,0.021639255655933904,0.18911685994647637
2025-08,01.홈카메라_메인_PC@naver_powerlink,57552,8381,56,0,0,0.0,0.006681780217157857,0.0
2025-08,01.홈카메라_쿠팡_MO@naver_powerlink,4240379,338246,3117,489,12298270,2.900276130977915,0.009215186580181289,0.15688161693936478
2025-08,01.홈카메라_쿠팡_PC@naver_powerlink,1304215,127808,952,98,3676200,2.8187070383334034,0.007448673009514272,0.10294117647058823
2025-08,01.홈카메라_확장_MO@naver_powerlink,431013,22792,433,82,1243700,2.885527814706285,0.018997893997894,0.18937644341801385
2025-08,01.홈카메라_확장_PC@naver_powerlink,82632,6429,106,6,232900,2.8185206699583696,0.016487789702908696,0.05660377358490566
2025-08,01.홈캠_MO@naver_shoppingsearch,8024148,264400,4620,1378,35532190,4.428157357017842,0.017473524962178518,0.2982683982683983
2025-08,01.홈캠_PC@naver_shoppingsearch,2222407,142149,1462,206,12416780,5.587086433763033,0.010284982659040865,0.1409028727770178
2025-08,01.홈캠스스_MO@naver_powerlink,270116,46818,255,6,700500,2.5933302729197827,0.0054466230936819175,0.023529411764705882
2025-08,01.홈캠스스_PC@naver_powerlink,14388,10414,27,3,311420,21.644425910480955,0.0025926637219128097,0.1111111111111111
2025-08,02.로봇청소기_메인_MO@naver_powerlink,1270654,56161,437,3,1356000,1.0671669864494977,0.00778120047719948,0.006864988558352402
2025-08,02.로봇청소기_메인_PC@naver_powerlink,409640,39708,172,1,0,0.0,0.004331620832074141,0.005813953488372093
2025-08,02.커튼_MO@naver_shoppingsearch,553267,116682,754,29,7800560,14.099087782210036,0.006462007850396805,0.038461538461538464
2025-08,02.커튼_PC@naver_shoppingsearch,454883,44749,427,8,2527600,5.556593673538031,0.009542112672908892,0.01873536299765808
2025-08,02.커튼남_MO@naver_shoppingsearch,89298,31307,93,7,229000,2.5644471320746267,0.0029705816590538856,0.07526881720430108
2025-08,02.커튼남_PC@naver_shoppingsearch,26796,5637,34,2,433000,16.159128228093746,0.006031577080007096,0.058823529411764705
2025-08,02.커튼여_MO@naver_shoppingsearch,89166,40970,98,1,248900,2.791422739609268,0.0023919941420551625,0.01020408163265306
2025-08,02.커튼여_PC@naver_shoppingsearch,10494,1073,11,0,0,0.0,0.010251630941286114,0.0
2025-08,03.반려_메인_MO@naver_powerlink,761343,49352,769,80,2754100,3.6174234215064693,0.015581941967904037,0.10403120936280884
2025-08,03.반려_메인_PC@naver_powerlink,104005,11257,137,7,47800,0.4595932887841931,0.012170205205649818,0.051094890510948905
2025-08,03.반려_확장_MO@naver_powerlink,205623,12913,240,15,242600,1.1798291047207754,0.018585921164717727,0.0625
2025-08,03.반려_확장_PC@naver_powerlink,60830,3808,69,0,0,0.0,0.018119747899159665,0.0
2025-08,03.조명_MO@naver_shoppingsearch,773256,169361,755,62,1581100,2.044730335102476,0.0044579330542450744,0.08211920529801324
2025-08,03.조명_PC@naver_shoppingsearch,217415,58600,221,31,396900,1.825541016029253,0.003771331058020478,0.14027149321266968
2025-08,04.리모컨허브_메인_MO@naver_powerlink,572,954,1,0,0,0.0,0.0010482180293501049,0.0
2025-08,04.리모컨허브_메인_PC@naver_powerlink,0,414,0,0,0,,0.0,
2025-08,04.센서_MO@naver_shoppingsearch,520861,30327,531,77,1093920,2.1002148365878806,0.017509150262142645,0.14500941619585686
2025-08,04.센서_PC@naver_shoppingsearch,261107,22751,323,34,786960,3.013936815175388,0.01419717814601556,0.10526315789473684
2025-08,05.전원_MO@naver_shoppingsearch,1886335,151629,1922,152,6894770,3.655114282457782,0.01267567549743123,0.07908428720083246
2025-08,05.전원_PC@naver_shoppingsearch,293645,27794,314,64,679800,2.3150402697134296,0.011297402317046845,0.20382165605095542
2025-08,05.커튼set_메인_MO@naver_powerlink,3537171,77922,1621,112,4119400,1.1646030118419495,0.02080285413618747,0.06909315237507711
2025-08,05.커튼set_메인_PC@naver_powerlink,430056,19827,295,1,0,0.0,0.014878700761587734,0.003389830508474576
2025-08,05.커튼set_확장_MO@naver_powerlink,27357,2705,85,1,0,0.0,0.031423290203327174,0.011764705882352941
2025-08,05.커튼set_확장_PC@naver_powerlink,14344,711,25,0,0,0.0,0.035161744022503515,0.0
2025-08,06.멀티탭_메인_MO@naver_powerlink,350383,74902,325,4,69800,0.19921057813877957,0.004339002963872794,0.012307692307692308
2025-08,06.멀티탭_메인_PC@naver_powerlink,53669,18908,74,1,0,0.0,0.003913687328115084,0.013513513513513514
2025-08,07.MO_new전환@naver_powerlink,233838,33721,270,9,41800,0.1787562329475962,0.008006879985765547,0.03333333333333333
2025-08,07.PC_new전환@naver_powerlink,53856,14978,63,18,60700,1.1270796197266786,0.004206169047936974,0.2857142857142857
2025-08,07.반려_MO@naver_shoppingsearch,737814,131776,682,60,1937540,2.626054805140591,0.0051754492472073825,0.08797653958944282
2025-08,07.반려_PC@naver_shoppingsearch,139249,71741,138,17,315010,2.2622065508549434,0.0019235862338133007,0.12318840579710146
2025-08,08.리빙_MO@naver_shoppingsearch,21791,3675,25,5,169400,7.773851590106007,0.006802721088435374,0.2
2025-08,08.리빙_PC@naver_shoppingsearch,1892,293,2,0,0,0.0,0.006825938566552901,0.0
2025-08,08.전원_메인_MO@naver_powerlink,890758,70741,822,49,482300,0.5414489681821549,0.011619852702110516,0.05961070559610705
2025-08,08.전원_메인_PC@naver_powerlink,215578,44839,241,24,209400,0.9713421592184731,0.005374785343116483,0.0995850622406639
2025-08,08.전원_확장_MO@naver_powerlink,407,442,1,0,0,0.0,0.0022624434389140274,0.0
2025-08,08.전원_확장_PC@naver_powerlink,3817,462,12,0,0,0.0,0.025974025974025976,0.0
2025-08,09.센서_메인_MO@naver_powerlink,90266,2442,92,11,0,0.0,0.03767403767403767,0.11956521739130435
2025-08,09.센서_메인_PC@naver_powerlink,28215,2511,42,0,0,0.0,0.016726403823178016,0.0
2025-08,09.센서_확장_MO@naver_powerlink,6743,3348,20,0,0,0.0,0.005973715651135006,0.0
2025-08,09.센서_확장_PC@naver_powerlink,935,636,2,0,0,0.0,0.0031446540880503146,0.0
2025-08,음처기_MO@naver_powerlink,10148391,273535,3245,46,5793300,0.5708589667071361,0.011863198493794212,0.014175654853620955
2025-08,음처기_MO@naver_shoppingsearch,9702946,1165616,3702,40,13643100,1.406078112771111,0.003176003074769049,0.010804970286331712
2025-08,음처기_PC@naver_powerlink,1268949,74056,392,8,718200,0.5659801930574042,0.005293291563141406,0.02040816326530612
2025-08,음처기_PC@naver_shoppingsearch,2289265,1092278,1155,21,5575760,2.4356114298694123,0.0010574231102338416,0.01818181818181818
2025-08,음처기공식몰MO@naver_shoppingsearch,19585324,2333689,4428,125,17158800,0.8761049855493838,0.0018974250639223992,0.028229448961156277
2025-08,음처기공식몰PC@naver_shoppingsearch,1136157,1320746,516,14,2224680,1.9580744562591261,0.00039068829282844697,0.027131782945736434
2025-09,00.브랜드_MO@naver_powerlink,1124706,64373,1346,435,8033460,7.142719964150631,0.020909387476115763,0.32317979197622587
2025-09,00.브랜드_PC@naver_powerlink,302984,16032,591,144,3349100,11.053719008264462,0.03686377245508982,0.2436548223350254
2025-09,00.브랜드형@naver_shoppingbrand,0,140,0,0,0,,0.0,
2025-09,00.자상호_MO@naver_shoppingsearch,18557572,488915,8557,2336,49214520,2.651991327313724,0.017502019778489104,0.27299287133341127
2025-09,00.자상호_PC@naver_shoppingsearch,4055337,102596,1938,455,13133000,3.2384484939229465,0.01888962532652345,0.2347781217750258
2025-09,01.브랜드형_쇼검@naver_shoppingbrand,262856,429128,435,10,977870,3.7201737833642756,0.0010136835629462539,0.022988505747126436
2025-09,01.신규 자사명@naver_brandsearch,0,79136,29115,15734,294697910,0.0,0.3679109381318237,0.5404087240254164
2025-09,01.음처기_MO@naver_shoppingbrand,669900,299383,290,3,1057300,1.5782952679504403,0.0009686588750864278,0.010344827586206896
2025-09,01.음처기_PC@naver_shoppingbrand,3663,59432,7,0,0,0.0,0.00011778166644232063,0.0
2025-09,01.펫_MO@naver_shoppingbrand,46277,79228,115,6,173910,3.7580223437128595,0.0014515070429646085,0.05217391304347826
2025-09,01.펫_PC@naver_shoppingbrand,330,29781,1,0,0,0.0,3.357845606259024e-05,0.0
2025-09,01.홈카메라_메인_MO@naver_powerlink,2826219,66634,1560,275,5322200,1.8831520133436226,0.023411471621094335,0.1762820512820513
2025-09,01.홈카메라_메인_PC@naver_powerlink,84161,9435,76,2,258600,3.0726821211725146,0.00805511393746688,0.02631578947368421
2025-09,01.홈카메라_쿠팡_MO@naver_powerlink,5515235,522131,3871,737,16274720,2.9508661009005057,0.0074138482488111225,0.19039008008266597
2025-09,01.홈카메라_쿠팡_PC@naver_powerlink,2170850,155580,1556,211,4189700,1.929981343713292,0.010001285512276642,0.13560411311053985
2025-09,01.홈카메라_확장_MO@naver_powerlink,386089,22805,387,87,1720000,4.454931375926276,0.016969962727472046,0.2248062015503876
2025-09,01.홈카메라_확장_PC@naver_powerlink,91410,6721,105,11,149000,1.630018597527623,0.015622675197143282,0.10476190476190476
2025-09,01.홈캠_MO@naver_shoppingsearch,14374184,839966,7919,1426,43885770,3.0530964401179226,0.009427762552293783,0.18007324157090543
2025-09,01.홈캠_PC@naver_shoppingsearch,2605658,336677,1772,275,12495560,4.79554876349851,0.005263204792724184,0.15519187358916478
2025-09,01.홈캠스스_MO@naver_powerlink,2227357,245592,1685,4,464920,0.20873169411100242,0.006860972670119548,0.002373887240356083
2025-09,01.홈캠스스_PC@naver_powerlink,118536,78473,224,6,421310,3.554278868866842,0.002854484982095753,0.026785714285714284
2025-09,02.로봇청소기_메인_MO@naver_powerlink,1326567,52364,428,1,0,0.0,0.008173554350317011,0.002336448598130841
2025-09,02.로봇청소기_메인_PC@naver_powerlink,380699,54829,122,0,0,0.0,0.002225099855915665,0.0
2025-09,02.커튼_MO@naver_shoppingsearch,969463,250189,951,51,4649540,4.7959953087430875,0.003801126348480549,0.05362776025236593
2025-09,02.커튼_PC@naver_shoppingsearch,787259,270097,772,45,3899900,4.953769979130121,0.002858232412799846,0.05829015544041451
2025-09,02.커튼남_MO@naver_shoppingsearch,870221,247609,790,18,3526540,4.052464833645706,0.003190514076628879,0.02278481012658228
2025-09,02.커튼남_PC@naver_shoppingsearch,72050,70931,86,1,253900,3.523941707147814,0.0012124458981263482,0.011627906976744186
2025-09,02.커튼여_MO@naver_shoppingsearch,369193,143937,352,15,991740,2.6862372796884015,0.002445514356975621,0.04261363636363636
2025-09,02.커튼여_PC@naver_shoppingsearch,18194,11875,22,0,0,0.0,0.0018526315789473683,0.0
2025-09,03.반려_메인_MO@naver_powerlink,675059,32877,621,62,530200,0.7854128305822158,0.018888584724883657,0.0998389694041868
2025-09,03.반려_메인_PC@naver_powerlink,207988,10787,203,24,536000,2.577071754139662,0.01881894873458793,0.11822660098522167
2025-09,03.반려_확장_MO@naver_powerlink,24563,4026,41,0,0,0.0,0.01018380526577248,0.0
2025-09,03.반려_확장_PC@naver_powerlink,7854,1024,19,1,0,0.0,0.0185546875,0.05263157894736842
2025-09,03.조명_MO@naver_shoppingsearch,1207976,440284,1210,136,2859200,2.3669344424061407,0.00274822614494281,0.11239669421487604
2025-09,03.조명_PC@naver_shoppingsearch,433554,150428,446,71,2034080,4.691641640948994,0.00296487356077326,0.1591928251121076
2025-09,04.리모컨허브_메인_MO@naver_powerlink,87582,24840,93,0,0,0.0,0.003743961352657005,0.0
2025-09,04.리모컨허브_메인_PC@naver_powerlink,9207,12249,18,4,0,0.0,0.0014695077149155032,0.2222222222222222
2025-09,04.센서_MO@naver_shoppingsearch,723239,92823,887,107,2410780,3.333310288853339,0.009555821294291285,0.12063134160090191
2025-09,04.센서_PC@naver_shoppingsearch,353276,52912,475,67,1314020,3.7195280743667842,0.008977169640157242,0.14105263157894737
2025-09,05.전원_MO@naver_shoppingsearch,3077371,214456,2809,184,6450690,2.096169100183241,0.013098257917708061,0.06550373798504806
2025-09,05.전원_PC@naver_shoppingsearch,615725,58985,576,71,1726900,2.804661171789354,0.009765194540984996,0.1232638888888889
2025-09,05.커튼set_메인_MO@naver_powerlink,4751318,107570,2196,163,4348300,0.9151776412355477,0.020414613739890303,0.07422586520947176
2025-09,05.커튼set_메인_PC@naver_powerlink,350196,23752,239,18,355900,1.0162880215650665,0.010062310542270124,0.07531380753138076
2025-09,05.커튼set_확장_MO@naver_powerlink,31680,2132,81,0,0,0.0,0.03799249530956848,0.0
2025-09,05.커튼set_확장_PC@naver_powerlink,11792,749,18,0,0,0.0,0.02403204272363151,0.0
2025-09,06.멀티탭_메인_MO@naver_powerlink,204072,62823,187,39,210100,1.0295385942216473,0.0029766168441494358,0.20855614973262032
2025-09,06.멀티탭_메인_PC@naver_powerlink,44825,18322,60,16,59900,1.336307863915226,0.0032747516646654297,0.26666666666666666
2025-09,07.MO_new전환@naver_powerlink,290323,37993,311,9,157500,0.5424992163900207,0.008185718421814545,0.028938906752411574
2025-09,07.PC_new전환@naver_powerlink,85877,17978,98,1,0,0.0,0.0054511069084436535,0.01020408163265306
2025-09,07.반려_MO@naver_shoppingsearch,607244,166580,585,77,2212840,3.6440705877703197,0.0035118261495977908,0.13162393162393163
2025-09,07.반려_PC@naver_shoppingsearch,75735,32511,90,8,137300,1.8129002442727933,0.0027682938082495157,0.08888888888888889
2025-09,08.리빙_MO@naver_shoppingsearch,393558,68919,427,45,842000,2.1394559378795504,0.006195678985475703,0.1053864168618267
2025-09,08.리빙_PC@naver_shoppingsearch,254089,57218,307,47,1654810,6.512717984643176,0.005365444440560663,0.15309446254071662
2025-09,08.전원_메인_MO@naver_powerlink,816926,64671,791,42,415000,0.5080019487689216,0.012231139150469299,0.05309734513274336
2025-09,08.전원_메인_PC@naver_powerlink,216964,42403,247,8,236000,1.0877380579266607,0.005825059547673514,0.032388663967611336
2025-09,08.전원_확장_MO@naver_powerlink,2453,325,5,0,0,0.0,0.015384615384615385,0.0
2025-09,08.전원_확장_PC@naver_powerlink,1485,248,5,0,0,0.0,0.020161290322580645,0.0
2025-09,09.센서_메인_MO@naver_powerlink,62491,1352,53,11,29900,0.4784688995215311,0.03920118343195266,0.20754716981132076
2025-09,09.센서_메인_PC@naver_powerlink,27467,1795,36,2,119600,4.354316088396986,0.020055710306406686,0.05555555555555555
2025-09,09.센서_확장_MO@naver_powerlink,5841,2103,18,17,122570,20.9844204759459,0.008559201141226819,0.9444444444444444
2025-09,09.센서_확장_PC@naver_powerlink,957,585,3,0,0,0.0,0.005128205128205128,0.0
2025-09,IoT인테리어@naver_powerlink,399718,8097,43,0,0,0.0,0.005310608867481783,0.0
2025-09,기업특판@naver_powerlink,5258,439,2,0,0,0.0,0.004555808656036446,0.0
2025-09,음처기_MO@naver_powerlink,5979754,183753,1921,38,2161600,0.36148644241886874,0.010454251087057082,0.01978136387298282
2025-09,음처기_MO@naver_shoppingsearch,8767726,1002088,2933,35,12848710,1.4654552389068727,0.002926888656485259,0.011933174224343675
2025-09,음처기_PC@naver_powerlink,1113376,70914,322,12,1629800,1.4638361164602076,0.004540711284090589,0.037267080745341616
2025-09,음처기_PC@naver_shoppingsearch,1098603,372709,485,3,1112640,1.0127771360536972,0.0013012833068157732,0.006185567010309278
2025-09,음처기공식몰MO@naver_shoppingsearch,20077673,4343819,4827,64,8535300,0.4251140059906345,0.0011112341467266478,0.013258752848560183
2025-09,음처기공식몰PC@naver_shoppingsearch,2790117,1683630,946,14,1788700,0.6410842269338526,0.0005618811734169622,0.014799154334038054
2025-10,00.브랜드_MO@naver_powerlink,1109658,69820,1614,488,8452790,7.617473131361194,0.02311658550558579,0.3023543990086741
2025-10,00.브랜드_PC@naver_powerlink,327415,14517,618,263,5732100,17.507139257517217,0.042570779086588136,0.4255663430420712
2025-10,00.브랜드형@naver_shoppingbrand,0,567,0,0,0,,0.0,
2025-10,00.자상호_MO@naver_shoppingsearch,13131756,1029867,6286,973,24010800,1.8284531025401325,0.006103700769128441,0.15478841870824053
2025-10,00.자상호_PC@naver_shoppingsearch,2375901,111827,1116,228,5576600,2.3471516700401236,0.00997970078782405,0.20430107526881722
2025-10,01.브랜드형_쇼검@naver_shoppingbrand,186472,259413,233,0,0,0.0,0.0008981816639875411,0.0
2025-10,01.신규 자사명@naver_brandsearch,0,76943,28065,14433,261616380,0.0,0.3647505296128303,0.5142704436130412
2025-10,01.음처기_MO@naver_shoppingbrand,403667,225304,179,0,0,0.0,0.0007944821219330327,0.0
2025-10,01.음처기_PC@naver_shoppingbrand,8844,38542,5,0,0,0.0,0.0001297286077525816,0.0
2025-10,01.펫_MO@naver_shoppingbrand,87461,112097,173,1,115200,1.3171585049336276,0.001543306243699653,0.005780346820809248
2025-10,01.펫_PC@naver_shoppingbrand,990,22529,3,0,0,0.0,0.0001331617026943051,0.0
2025-10,01.홈카메라_메인_MO@naver_powerlink,6511131,126560,3430,562,13344200,2.049444251697593,0.027101769911504425,0.16384839650145772
2025-10,01.홈카메라_메인_PC@naver_powerlink,127512,11519,87,11,69900,0.5481837003576134,0.007552738953034118,0.12643678160919541
2025-10,01.홈카메라_쿠팡_MO@naver_powerlink,4049870,430269,3215,490,7347400,1.8142310740838594,0.007472069798196012,0.15241057542768274
2025-10,01.홈카메라_쿠팡_PC@naver_powerlink,2254197,131726,1592,116,3535910,1.568589613063987,0.012085693029470265,0.0728643216080402
2025-10,01.홈카메라_확장_MO@naver_powerlink,318835,19932,362,47,1563900,4.905044929195352,0.01816174994982942,0.1298342541436464
2025-10,01.홈카메라_확장_PC@naver_powerlink,47696,4863,64,25,588900,12.346947333109695,0.01316060045239564,0.390625
2025-10,01.홈캠_MO@naver_shoppingsearch,37330722,967329,13586,1301,126372450,3.385213122853611,0.014044859608261512,0.09576034152804358
2025-10,01.홈캠_PC@naver_shoppingsearch,2776444,813370,2637,181,8708780,3.1366669019796545,0.0032420669559978855,0.06863860447478196
2025-10,01.홈캠스스_MO@naver_powerlink,2084247,189326,1705,0,0,0.0,0.009005630499772878,0.0
2025-10,01.홈캠스스_PC@naver_powerlink,78507,77077,166,0,0,0.0,0.002153690465378777,0.0
2025-10,02.로봇청소기_메인_MO@naver_powerlink,2328766,92271,816,24,2279900,0.9790163545843593,0.00884351529733069,0.029411764705882353
2025-10,02.로봇청소기_메인_PC@naver_powerlink,420541,49475,121,2,0,0.0,0.002445679636179889,0.01652892561983471
2025-10,02.커튼_MO@naver_shoppingsearch,2635028,321362,1738,19,4653290,1.7659356940419608,0.0054082312158873795,0.01093210586881473
2025-10,02.커튼_PC@naver_shoppingsearch,1474275,454913,916,57,1668710,1.1318851638941174,0.0020135718258216407,0.06222707423580786
2025-10,02.커튼남_MO@naver_shoppingsearch,1496726,165600,974,37,2220300,1.4834378503480263,0.005881642512077295,0.037987679671457907
2025-10,02.커튼남_PC@naver_shoppingsearch,366729,16745,169,8,253900,0.6923368481903531,0.01009256494475963,0.047337278106508875
2025-10,02.커튼여_MO@naver_shoppingsearch,930919,300444,856,24,2144400,2.3035301675011466,0.0028491166407050897,0.028037383177570093
2025-10,02.커튼여_PC@naver_shoppingsearch,10032,1543,10,0,0,0.0,0.0064808813998703824,0.0
2025-10,03.반려_메인_MO@naver_powerlink,1129865,67501,968,53,777300,0.6879582959026078,0.0143405282884698,0.05475206611570248
2025-10,03.반려_메인_PC@naver_powerlink,286847,16090,258,26,333700,1.1633379467102671,0.01603480422622747,0.10077519379844961
2025-10,03.반려_확장_MO@naver_powerlink,304876,18913,358,7,95600,0.31357010719112033,0.018928779146618727,0.019553072625698324
2025-10,03.반려_확장_PC@naver_powerlink,77088,4341,90,0,0,0.0,0.02073255010366275,0.0
2025-10,03.조명_MO@naver_shoppingsearch,1548624,621415,1558,79,2540680,1.6406048207957515,0.0025071811913133734,0.050706033376123234
2025-10,03.조명_PC@naver_shoppingsearch,625735,209472,571,60,1943400,3.1057875937897035,0.002725901313779407,0.10507880910683012
2025-10,04.리모컨허브_메인_MO@naver_powerlink,52437,26873,83,7,119700,2.2827392871445733,0.0030886019424701374,0.08433734939759036
2025-10,04.리모컨허브_메인_PC@naver_powerlink,4158,14260,13,2,85800,20.634920634920636,0.0009116409537166901,0.15384615384615385
2025-10,04.센서_MO@naver_shoppingsearch,2044460,114480,1948,117,2805070,1.3720346693014291,0.017016072676450035,0.060061601642710474
2025-10,04.센서_PC@naver_shoppingsearch,364760,67725,465,49,1122070,3.076187081916877,0.006866002214839424,0.1053763440860215
2025-10,05.전원_MO@naver_shoppingsearch,3858591,276762,3531,339,12609300,3.267850881319114,0.012758254384633728,0.09600679694137638
2025-10,05.전원_PC@naver_shoppingsearch,739486,102843,749,92,1851600,2.503901358511182,0.007282945849498751,0.12283044058744993
2025-10,05.커튼set_메인_MO@naver_powerlink,4806329,116339,2326,104,4303700,0.8954235134548634,0.019993295455522225,0.04471195184866724
2025-10,05.커튼set_메인_PC@naver_powerlink,405603,30527,260,26,3441500,8.484897794148466,0.008517050479903037,0.1
2025-10,05.커튼set_확장_MO@naver_powerlink,24453,2044,72,0,0,0.0,0.03522504892367906,0.0
2025-10,05.커튼set_확장_PC@naver_powerlink,11836,564,19,1,0,0.0,0.03368794326241135,0.05263157894736842
2025-10,06.멀티탭_메인_MO@naver_powerlink,251911,68642,225,0,0,0.0,0.003277876518749454,0.0
2025-10,06.멀티탭_메인_PC@naver_powerlink,37994,18049,57,0,0,0.0,0.0031580696991523076,0.0
2025-10,07.MO_new전환@naver_powerlink,301070,43384,364,10,247100,0.8207393629388514,0.008390189931772082,0.027472527472527472
2025-10,07.PC_new전환@naver_powerlink,77286,20966,101,7,270500,3.499987061045985,0.004817323285319088,0.06930693069306931
2025-10,07.반려_MO@naver_shoppingsearch,2014815,671107,1428,115,3850270,1.9109794199467445,0.0021278276042419465,0.08053221288515407
2025-10,07.반려_PC@naver_shoppingsearch,196262,333164,205,3,193420,0.9855193567781843,0.0006153125787900254,0.014634146341463415
2025-10,08.리빙_MO@naver_shoppingsearch,334158,112677,358,42,1284990,3.8454563410123357,0.0031772233907541025,0.11731843575418995
2025-10,08.리빙_PC@naver_shoppingsearch,149644,79319,183,17,379000,2.5326775547298923,0.002307139525208336,0.09289617486338798
2025-10,08.전원_메인_MO@naver_powerlink,1233529,103083,1178,62,727500,0.5897712984453547,0.01142768448725784,0.05263157894736842
2025-10,08.전원_메인_PC@naver_powerlink,342782,48323,341,61,449400,1.3110373356827372,0.007056681083541998,0.17888563049853373
2025-10,08.전원_확장_MO@naver_powerlink,1936,295,6,0,0,0.0,0.020338983050847456,0.0
2025-10,08.전원_확장_PC@naver_powerlink,715,156,3,0,0,0.0,0.019230769230769232,0.0
2025-10,09.로청_MO@naver_shoppingbrand,1560218,1072322,606,29,17100,0.010960006870834716,0.0005651287579663571,0.04785478547854786
2025-10,09.로청_PC@naver_shoppingbrand,147708,262891,71,1,349000,2.3627697890432473,0.0002700739089584657,0.014084507042253521
2025-10,09.센서_메인_MO@naver_powerlink,92158,1905,79,23,149500,1.6222140237418348,0.04146981627296588,0.2911392405063291
2025-10,09.센서_메인_PC@naver_powerlink,28699,1591,38,13,0,0.0,0.023884349465744813,0.34210526315789475
2025-10,09.센서_확장_MO@naver_powerlink,7535,3549,23,2,0,0.0,0.006480698788391096,0.08695652173913043
2025-10,09.센서_확장_PC@naver_powerlink,2277,645,7,1,0,0.0,0.010852713178294573,0.14285714285714285
2025-10,10.스스멀티어댑터_MO@naver_powerlink,129657,19312,155,0,0,0.0,0.008026097763048882,0.0
2025-10,10.스스멀티어댑터_MO@shoppingsearch,312455,99385,289,5,137610,0.4404154198204541,0.0029078834834230516,0.01730103806228374
2025-10,10.스스멀티어댑터_PC@naver_powerlink,25289,5927,33,0,0,0.0,0.005567740846971487,0.0
2025-10,10.스스멀티어댑터_PC@shoppingsearch,14938,53308,21,0,0,0.0,0.00039393712013206274,0.0
2025-10,11.스스피카스위치_MO@shoppingsearch,120725,10005,144,2,174500,1.4454338372333817,0.0143928035982009,0.013888888888888888
2025-10,11.스스피카스위치_PC@shoppingsearch,25146,2036,33,0,0,0.0,0.016208251473477406,0.0
2025-10,IoT인테리어@naver_powerlink,883850,12028,83,0,0,0.0,0.0069005653475224474,0.0
2025-10,음처기_MO@naver_powerlink,4960307,162793,1831,26,3027260,0.610296902994109,0.011247412358025222,0.014199890770071
2025-10,음처기_MO@naver_shoppingsearch,11992178,1224209,3954,31,9487710,0.7911582032888438,0.0032298406562931655,0.00784016186140617
2025-10,음처기_PC@naver_powerlink,536932,42636,183,16,814900,1.5176968405682656,0.0042921474810019705,0.08743169398907104
2025-10,음처기_PC@naver_shoppingsearch,682671,559682,433,5,1563110,2.289697379850616,0.0007736536104430731,0.011547344110854504
2025-10,음처기공식몰MO@naver_shoppingsearch,11734712,5016793,3301,69,7234600,0.6165127870202524,0.0006579900745356645,0.020902756740381702
2025-10,음처기공식몰PC@naver_shoppingsearch,1576080,1313786,579,25,2122500,1.346695599208162,0.0004407110442644388,0.04317789291882556
2025-11,00.브랜드_MO@naver_powerlink,1253439,79743,1777,826,13233940,10.558104542781898,0.022284087631516247,0.46482836240855374
2025-11,00.브랜드_PC@naver_powerlink,392612,17747,725,393,10211690,26.009622731857405,0.04085197498168704,0.5420689655172414
2025-11,00.브랜드형@naver_shoppingbrand,660,503,2,0,0,0.0,0.003976143141153081,0.0
2025-11,00.자상호_MO@naver_shoppingsearch,2018808,239153,1345,598,8474890,4.197967315366295,0.005624014752062487,0.4446096654275093
2025-11,00.자상호_PC@naver_shoppingsearch,3788906,83685,1800,728,13618450,3.594296084410645,0.02150923104499014,0.40444444444444444
2025-11,01.브랜드형_쇼검@naver_shoppingbrand,191477,299805,256,3,313300,1.6362278498200828,0.0008538883607678324,0.01171875
2025-11,01.신규 자사명@naver_brandsearch,0,97544,41143,35562,525546660,0.0,0.42178914131058803,0.8643511654473423
2025-11,01.음처기_MO@naver_shoppingbrand,78947,206226,87,0,0,0.0,0.00042186727182799455,0.0
2025-11,01.음처기_PC@naver_shoppingbrand,7755,40952,8,0,0,0.0,0.0001953506544246923,0.0
2025-11,01.펫_MO@naver_shoppingbrand,89199,65220,164,3,131510,1.474343882778955,0.002514566084023306,0.018292682926829267
2025-11,01.펫_PC@naver_shoppingbrand,1672,24993,4,0,0,0.0,0.0001600448125475133,0.0
2025-11,01.홈카메라_메인_MO@naver_powerlink,1992430,67821,1415,362,5957260,2.989946949202732,0.020863744267999588,0.2558303886925795
2025-11,01.홈카메라_메인_PC@naver_powerlink,142197,9506,123,19,477210,3.3559779742188653,0.012939196297075531,0.15447154471544716
2025-11,01.홈카메라_쿠팡_MO@naver_powerlink,2470380,207633,2640,1074,13014980,5.268412147119067,0.012714741876291341,0.4068181818181818
2025-11,01.홈카메라_쿠팡_PC@naver_powerlink,904805,91187,799,154,1955210,2.1609186509800455,0.0087622139120708,0.1927409261576971
2025-11,01.홈카메라_확장_MO@naver_powerlink,355520,23420,448,124,1555800,4.376125112511251,0.019128949615713067,0.2767857142857143
2025-11,01.홈카메라_확장_PC@naver_powerlink,56199,6856,85,40,456000,8.114023381198953,0.012397899649941656,0.47058823529411764
2025-11,01.홈캠_MO@naver_shoppingsearch,30971050,907595,14821,1767,180724300,5.835265514084928,0.016329970967226572,0.11922272451251602
2025-11,01.홈캠_PC@naver_shoppingsearch,1627912,73456,917,208,7383350,4.535472433399349,0.012483663689827925,0.2268266085059978
2025-11,01.홈캠스스_MO@naver_powerlink,902319,201590,1318,61,5829540,6.460619802974336,0.006538022719380921,0.04628224582701062
2025-11,01.홈캠스스_PC@naver_powerlink,82995,71254,173,14,1732450,20.8741490451232,0.002427933870379207,0.08092485549132948
2025-11,02.로봇청소기_메인_MO@naver_powerlink,226468,13216,107,9,1551700,6.8517406432696895,0.008096246973365617,0.08411214953271028
2025-11,02.로봇청소기_메인_PC@naver_powerlink,14641,4772,8,0,0,0.0,0.0016764459346186086,0.0
2025-11,02.커튼_MO@naver_shoppingsearch,1403457,202276,1072,30,3051110,2.1739960682799686,0.005299689533113172,0.027985074626865673
2025-11,02.커튼_PC@naver_shoppingsearch,825176,191921,594,117,2118200,2.5669675317750396,0.0030950234731999104,0.19696969696969696
2025-11,02.커튼남_MO@naver_shoppingsearch,2052853,140520,1321,110,8201370,3.995108271269302,0.00940079703956732,0.08327024981074943
2025-11,02.커튼남_PC@naver_shoppingsearch,164340,52847,132,2,351000,2.135815991237678,0.0024977766003746664,0.015151515151515152
2025-11,02.커튼여_MO@naver_shoppingsearch,582219,94255,466,48,1336770,2.2959917144579616,0.004944034799214896,0.10300429184549356
2025-11,02.커튼여_PC@naver_shoppingsearch,33407,7155,30,0,0,0.0,0.0041928721174004195,0.0
2025-11,03.반려_메인_MO@naver_powerlink,845680,63662,790,76,1281800,1.5157033393245671,0.012409286544563476,0.09620253164556962
2025-11,03.반려_메인_PC@naver_powerlink,244772,18402,242,26,178300,0.7284329907015509,0.013150744484295184,0.10743801652892562
2025-11,03.반려_확장_MO@naver_powerlink,101442,9550,167,6,312900,3.084521204234932,0.017486910994764397,0.03592814371257485
2025-11,03.반려_확장_PC@naver_powerlink,35167,4375,53,0,0,0.0,0.012114285714285715,0.0
2025-11,03.조명_MO@naver_shoppingsearch,1028863,164168,1109,95,3123470,3.035846366328656,0.006755275084060231,0.08566275924256087
2025-11,03.조명_PC@naver_shoppingsearch,472758,72599,477,44,686700,1.4525402002715977,0.006570338434413697,0.09224318658280922
2025-11,04.리모컨허브_메인_MO@naver_powerlink,66957,21686,97,16,88800,1.3262242932031005,0.004472931845430231,0.16494845360824742
2025-11,04.리모컨허브_메인_PC@naver_powerlink,9944,13574,16,2,22900,2.3028962188254223,0.0011787240312361867,0.125
2025-11,04.센서_MO@naver_shoppingsearch,1334487,72742,1617,99,4296840,3.2198440299530833,0.022229248577163123,0.061224489795918366
2025-11,04.센서_PC@naver_shoppingsearch,297561,39050,396,53,824880,2.7721374776936494,0.010140845070422535,0.13383838383838384
2025-11,05.전원_MO@naver_shoppingsearch,3445079,240894,3733,497,14043770,4.076472556942816,0.015496442418657169,0.1331368872220734
2025-11,05.전원_PC@naver_shoppingsearch,1003112,94770,1083,147,4638020,4.623631259520373,0.01142766698322254,0.13573407202216067
2025-11,05.커튼set_메인_MO@naver_powerlink,1843589,70755,1193,156,5746500,3.117017947058699,0.016860999222669776,0.13076278290025148
2025-11,05.커튼set_메인_PC@naver_powerlink,215941,20055,175,5,0,0.0,0.008726003490401396,0.02857142857142857
2025-11,05.커튼set_확장_MO@naver_powerlink,31526,1526,60,0,0,0.0,0.039318479685452164,0.0
2025-11,05.커튼set_확장_PC@naver_powerlink,10461,588,16,0,0,0.0,0.027210884353741496,0.0
2025-11,06.멀티탭_메인_MO@naver_powerlink,122650,37342,134,23,111700,0.9107215654300856,0.0035884526806277115,0.17164179104477612
2025-11,06.멀티탭_메인_PC@naver_powerlink,61776,18735,92,1,0,0.0,0.0049105951427808915,0.010869565217391304
2025-11,07.MO_new전환@naver_powerlink,324742,51032,481,99,1899800,5.85018260649993,0.009425458535820662,0.20582120582120583
2025-11,07.PC_new전환@naver_powerlink,87131,29942,116,4,19900,0.22839173198976254,0.0038741567029590544,0.034482758620689655
2025-11,07.반려_MO@naver_shoppingsearch,1894321,491914,1370,244,6261620,3.3054693475920924,0.002785039661404229,0.1781021897810219
2025-11,07.반려_PC@naver_shoppingsearch,269753,327020,230,43,759120,2.81412996333683,0.0007033208978044157,0.18695652173913044
2025-11,08.리빙_MO@naver_shoppingsearch,425876,152993,423,45,1660500,3.899022250608158,0.0027648323779519324,0.10638297872340426
2025-11,08.리빙_PC@naver_shoppingsearch,98879,80834,115,21,406400,4.110073928741189,0.001422668679021204,0.1826086956521739
2025-11,08.전원_메인_MO@naver_powerlink,1183831,150957,1505,24,245200,0.20712415876928378,0.009969726478401135,0.015946843853820596
2025-11,08.전원_메인_PC@naver_powerlink,380765,72218,499,33,173600,0.45592425774427797,0.006909634717106539,0.06613226452905811
2025-11,08.전원_확장_MO@naver_powerlink,2640,993,7,3,0,0.0,0.007049345417925478,0.42857142857142855
2025-11,08.전원_확장_PC@naver_powerlink,0,185,0,0,0,,0.0,
2025-11,09.로청_MO@naver_shoppingbrand,383207,326744,153,5,1509400,3.938863329740845,0.00046825649438092206,0.032679738562091505
2025-11,09.로청_PC@naver_shoppingbrand,28215,37824,17,0,0,0.0,0.00044945008460236884,0.0
2025-11,09.센서_메인_MO@naver_powerlink,121407,3220,122,40,350200,2.8845124251484675,0.037888198757763975,0.32786885245901637
2025-11,09.센서_메인_PC@naver_powerlink,30569,2062,41,3,0,0.0,0.01988360814742968,0.07317073170731707
2025-11,09.센서_확장_MO@naver_powerlink,11451,4471,36,2,89700,7.8333769976421275,0.008051889957503914,0.05555555555555555
2025-11,09.센서_확장_PC@naver_powerlink,4323,1144,10,0,0,0.0,0.008741258741258742,0.0
2025-11,10.스스멀티어댑터_MO@naver_powerlink,358622,65908,511,17,392200,1.0936306194265828,0.007753231777629423,0.033268101761252444
2025-11,10.스스멀티어댑터_MO@shoppingsearch,614636,172016,690,26,632610,1.0292433245042594,0.0040112547669984185,0.03768115942028986
2025-11,10.스스멀티어댑터_PC@naver_powerlink,50611,15395,78,2,39800,0.7863903104068286,0.005066580058460539,0.02564102564102564
2025-11,10.스스멀티어댑터_PC@shoppingsearch,59466,84335,55,5,387500,6.516328658393031,0.0006521610244856821,0.09090909090909091
2025-11,11.스스피카스위치_MO@shoppingsearch,654676,57650,727,17,1316510,2.0109336526770494,0.012610581092801387,0.023383768913342505
2025-11,11.스스피카스위치_PC@shoppingsearch,158070,14216,235,3,103400,0.6541405706332637,0.016530669667979742,0.01276595744680851
2025-11,IoT인테리어@naver_powerlink,994213,6168,70,0,0,0.0,0.011348897535667963,0.0
2025-11,음처기_MO@naver_powerlink,309067,31137,242,20,1332900,4.312657126124756,0.007772103927802935,0.08264462809917356
2025-11,음처기_MO@naver_shoppingsearch,5734564,754244,2217,50,11266400,1.9646480534527124,0.0029393671013624237,0.02255299954894001
2025-11,음처기_PC@naver_powerlink,56826,13496,57,2,0,0.0,0.0042234736218138705,0.03508771929824561
2025-11,음처기_PC@naver_shoppingsearch,475860,260856,249,13,1509120,3.1713529189257343,0.0009545496365811022,0.05220883534136546
2025-11,음처기공식몰MO@naver_shoppingsearch,501985,426466,236,13,1086940,2.1652838232218095,0.0005533852640069783,0.05508474576271186
2025-11,음처기공식몰PC@naver_shoppingsearch,374517,106141,146,21,2030500,5.421649751546659,0.001375528777757888,0.14383561643835616
2025-12,(공식몰)하츠_MO,127754,9522,193,0,0,0.0,0.020268851081705525,0.0
2025-12,(공식몰)하츠_MO_쇼검,29557,2849,24,0,0,0.0,0.008424008424008424,0.0
2025-12,(공식몰)하츠_PC,12254,1899,21,0,0,0.0,0.011058451816745656,0.0
2025-12,(공식몰)하츠_PC_쇼검,2981,356,3,0,0,0.0,0.008426966292134831,0.0
2025-12,00.브랜드_MO@naver_powerlink,1620168,67407,1864,578,12380470,7.641472983048671,0.027652914385746286,0.31008583690987124
2025-12,00.브랜드_PC@naver_powerlink,560945,16488,913,316,6815720,12.150424729697207,0.05537360504609413,0.34611171960569553
2025-12,00.브랜드형@naver_shoppingbrand,0,414,0,0,0,,0.0,
2025-12,00.자상호_MO@naver_shoppingsearch,1217733,127348,1000,299,2937190,2.4120147848502094,0.007852498665075227,0.299
2025-12,00.자상호_PC@naver_shoppingsearch,3959362,83632,1898,698,14534020,3.6707984771283857,0.02269466233020853,0.3677555321390938
2025-12,01.브랜드형_쇼검@naver_shoppingbrand,174427,219465,245,8,781510,4.480441674740723,0.001116351126603331,0.0326530612244898
2025-12,01.신규 자사명@naver_brandsearch,0,84779,32688,23138,330276880,0.0,0.38556718055178757,0.707843857072932
2025-12,01.음처기_MO@naver_shoppingbrand,61578,157625,70,0,0,0.0,0.00044409199048374307,0.0
2025-12,01.음처기_PC@naver_shoppingbrand,5995,31776,7,0,0,0.0,0.0002202920443101712,0.0
2025-12,01.펫_MO@naver_shoppingbrand,76131,52023,157,4,317320,4.168078706440215,0.0030178959306460603,0.025477707006369428
2025-12,01.펫_PC@naver_shoppingbrand,1331,25812,4,0,0,0.0,0.0001549666821633349,0.0
2025-12,01.홈카메라_메인_MO@naver_powerlink,1014035,57031,940,104,2342000,2.309584974877593,0.01648226403184233,0.11063829787234042
2025-12,01.홈카메라_메인_PC@naver_powerlink,145761,12304,125,6,115700,0.7937651360789237,0.0101592977893368,0.048
2025-12,01.홈카메라_쿠팡_MO@naver_powerlink,1581844,145785,1929,551,9328770,5.897402019415315,0.01323181397263093,0.2856402280974598
2025-12,01.홈카메라_쿠팡_PC@naver_powerlink,628199,76378,600,114,2717900,4.326495266627295,0.007855665243918406,0.19
2025-12,01.홈카메라_확장_MO@naver_powerlink,346016,23127,440,49,951000,2.7484278183667805,0.019025381588619363,0.11136363636363636
2025-12,01.홈카메라_확장_PC@naver_powerlink,77902,7979,103,24,559100,7.1769659315550305,0.01290888582529139,0.23300970873786409
2025-12,01.홈캠_MO@naver_shoppingsearch,25779446,896614,12562,1454,142933650,5.544481056730234,0.014010488348386262,0.11574590033434166
2025-12,01.홈캠_PC@naver_shoppingsearch,1822821,76545,1033,177,7424500,4.073082326789081,0.01349532954471226,0.1713455953533398
2025-12,01.홈캠스스_MO@naver_powerlink,549087,159488,868,55,5211740,9.491647043182592,0.005442415730337079,0.06336405529953917
2025-12,01.홈캠스스_PC@naver_powerlink,98659,60743,183,12,1306940,13.247042844545353,0.0030126928205719177,0.06557377049180328
2025-12,02.커튼_MO@naver_shoppingsearch,131285,11247,241,6,682710,5.2002132764596105,0.021427936338579177,0.024896265560165973
2025-12,02.커튼_PC@naver_shoppingsearch,98417,7618,114,7,3054730,31.038641698080617,0.014964557626673668,0.06140350877192982
2025-12,02.커튼남_MO@naver_shoppingsearch,128414,8068,138,20,975900,7.599638668680985,0.017104610808130888,0.14492753623188406
2025-12,02.커튼남_PC@naver_shoppingsearch,0,1,0,0,0,,0.0,
2025-12,02.커튼여_MO@naver_shoppingsearch,155628,49390,124,14,0,0.0,0.002510629682121887,0.11290322580645161
2025-12,02.커튼여_PC@naver_shoppingsearch,0,1,0,0,0,,0.0,
2025-12,03.반려_메인_MO@naver_powerlink,1153548,63363,1049,96,1061200,0.9199443802945347,0.016555402995438978,0.09151572926596759
2025-12,03.반려_메인_PC@naver_powerlink,291401,18243,252,27,468000,1.6060342963819616,0.013813517513566848,0.10714285714285714
2025-12,03.반려_확장_MO@naver_powerlink,107437,10930,181,8,39900,0.37138043690721073,0.01655992680695334,0.04419889502762431
2025-12,03.반려_확장_PC@naver_powerlink,50292,4114,65,0,0,0.0,0.015799708313077296,0.0
2025-12,03.조명_MO@naver_shoppingsearch,1259247,111020,1405,148,3844300,3.052856191041154,0.01265537740947577,0.10533807829181495
2025-12,03.조명_PC@naver_shoppingsearch,439120,48160,474,45,1209600,2.754600109309528,0.0098421926910299,0.0949367088607595
2025-12,04.리모컨허브_메인_MO@naver_powerlink,103752,22535,124,4,36800,0.35469195774539286,0.005502551586421123,0.03225806451612903
2025-12,04.리모컨허브_메인_PC@naver_powerlink,13948,11127,22,5,19900,1.4267278462862059,0.001977172643120338,0.22727272727272727
2025-12,04.센서_MO@naver_shoppingsearch,1369049,75484,1943,143,2830920,2.067800349001387,0.02574055428965079,0.07359752959341224
2025-12,04.센서_PC@naver_shoppingsearch,373373,37196,518,45,814290,2.1809022077118594,0.013926228626734058,0.08687258687258688
2025-12,05.전원_MO@naver_shoppingsearch,4271982,330068,4661,646,16441850,3.8487638758777543,0.014121332573893865,0.13859686762497317
2025-12,05.전원_PC@naver_shoppingsearch,1239238,115066,1341,207,5217750,4.210450292841246,0.011654181078685277,0.15436241610738255
2025-12,05.커튼set_메인_MO@naver_powerlink,1173678,55146,888,144,5548500,4.727446539851646,0.016102709172016103,0.16216216216216217
2025-12,05.커튼set_메인_PC@naver_powerlink,248743,16559,175,16,518900,2.086088854761742,0.010568271030859352,0.09142857142857143
2025-12,05.커튼set_확장_MO@naver_powerlink,22099,1581,44,61,795000,35.97447848318929,0.027830487033523088,1.3863636363636365
2025-12,05.커튼set_확장_PC@naver_powerlink,13574,569,18,0,0,0.0,0.03163444639718805,0.0
2025-12,06.멀티탭_메인_MO@naver_powerlink,100584,33514,120,2,0,0.0,0.003580593184937638,0.016666666666666666
2025-12,06.멀티탭_메인_PC@naver_powerlink,75922,18663,92,22,0,0.0,0.004929539731018593,0.2391304347826087
2025-12,07.MO_new전환@naver_powerlink,405460,54551,557,43,539700,1.3310807477926305,0.010210628586093748,0.07719928186714542
2025-12,07.PC_new전환@naver_powerlink,102993,29282,138,9,447900,4.3488392415018495,0.004712792842018988,0.06521739130434782
2025-12,07.반려_MO@naver_shoppingsearch,2511718,488997,1700,230,6024440,2.398533593341291,0.0034765039458319784,0.13529411764705881
2025-12,07.반려_PC@naver_shoppingsearch,436084,454337,313,29,994850,2.2813265334201667,0.0006889159368486388,0.0926517571884984
2025-12,07.스스반려_MO@shoppingsearch,162393,47871,183,9,1111760,6.8461078987394774,0.003822773704330388,0.04918032786885246
2025-12,07.스스반려_PC@shoppingsearch,6226,5704,11,0,0,0.0,0.0019284712482468443,0.0
2025-12,08.리빙_MO@naver_shoppingsearch,584793,172615,595,87,2531500,4.328882185662277,0.0034469773774005734,0.146218487394958
2025-12,08.리빙_PC@naver_shoppingsearch,140052,77186,164,70,669100,4.777511210121955,0.002124737646723499,0.4268292682926829
2025-12,08.전원_메인_MO@naver_powerlink,521400,85949,734,32,350600,0.6724204065976218,0.008539948108762173,0.043596730245231606
2025-12,08.전원_메인_PC@naver_powerlink,213015,47318,295,11,318400,1.4947304180456775,0.006234413965087282,0.03728813559322034
2025-12,08.전원_확장_MO@naver_powerlink,3025,818,6,0,0,0.0,0.007334963325183374,0.0
2025-12,08.전원_확장_PC@naver_powerlink,539,190,1,1,0,0.0,0.005263157894736842,1.0
2025-12,09.센서_메인_MO@naver_powerlink,116215,3403,124,11,120590,1.0376457428042851,0.03643843667352336,0.08870967741935484
2025-12,09.센서_메인_PC@naver_powerlink,33770,2606,40,1,0,0.0,0.015349194167306216,0.025
2025-12,09.센서_확장_MO@naver_powerlink,17820,4396,46,4,0,0.0,0.010464058234758872,0.08695652173913043
2025-12,09.센서_확장_PC@naver_powerlink,4763,1186,10,0,0,0.0,0.008431703204047217,0.0
2025-12,10.스스멀티어댑터_MO@naver_powerlink,363165,67548,534,36,842200,2.319056076439084,0.007905489429738852,0.06741573033707865
2025-12,10.스스멀티어댑터_MO@shoppingsearch,630168,121852,617,63,1501640,2.3829201101928374,0.0050635196796113315,0.10210696920583469
2025-12,10.스스멀티어댑터_PC@naver_powerlink,48125,14155,82,3,79600,1.654025974025974,0.005793006004945249,0.036585365853658534
2025-12,10.스스멀티어댑터_PC@shoppingsearch,60467,61081,67,3,62700,1.036929234127706,0.0010969041109346604,0.04477611940298507
2025-12,11.스스피카스위치_MO@shoppingsearch,398024,30994,418,14,1140830,2.866234196932848,0.013486481254436343,0.03349282296650718
2025-12,11.스스피카스위치_PC@shoppingsearch,74382,7650,114,4,563200,7.571724341910677,0.014901960784313726,0.03508771929824561
2025-12,12.스스하츠_MO@shoppingsearch,10516,1875,17,0,0,0.0,0.009066666666666667,0.0
2025-12,12.스스하츠_PC@shoppingsearch,528,116,1,0,0,0.0,0.008620689655172414,0.0
2025-12,IoT인테리어@naver_powerlink,693880,5786,46,0,0,0.0,0.007950224680262703,0.0
2025-12,음처기_MO@naver_powerlink,262009,31767,217,19,1020300,3.894141040956608,0.00683098813233859,0.08755760368663594
2025-12,음처기_MO@naver_shoppingsearch,7131509,390027,2778,48,9652000,1.3534302487734362,0.0071225838211200765,0.017278617710583154
2025-12,음처기_PC@naver_powerlink,71753,13529,57,0,0,0.0,0.004213171705225811,0.0
2025-12,음처기_PC@naver_shoppingsearch,368412,33671,157,5,1671930,4.538207224520374,0.004662766178610674,0.03184713375796178
2025-12,음처기공식몰MO@naver_shoppingsearch,824263,63225,317,8,987000,1.1974333434838151,0.005013839462238039,0.025236593059936908
2025-12,음처기공식몰PC@naver_shoppingsearch,505252,24035,187,18,1140600,2.257487352845709,0.007780320366132723,0.0962566844919786
